type	subtype	name	evidence	symbol	identifier	count
aminocoumarin	novA	NovA family novobiocin export ABC transporter	NBR006897	NA	NA	56
aminoglycoside	aac(2')-I	aminoglycoside N-acetyltransferase AAC(2')-Ia	NF000108.1	aac(2')-Ia	NA	6
aminoglycoside	aac(2')-I	aminoglycoside N-acetyltransferase AAC(2')-Ib	NF000010.1	aac(2')-Ib	NA	51
aminoglycoside	aac(2')-I	aminoglycoside N-acetyltransferase AAC(2')-Ic	NF000034.1	aac(2')-Ic	NA	25
aminoglycoside	aac(2')-I	aminoglycoside N-acetyltransferase AAC(2')-Id	NF000042.1	aac(2')-Id	NA	2
aminoglycoside	aac(2')-II	kasugamycin N-acetyltransferase AAC(2')-IIa	NF000100.2	aac(2')-IIa	NA	6
aminoglycoside	aac(2')-II	kasugamycin N-acetyltransferase AAC(2')-IIb	NF033472.1	aac(2')-IIb	NA	142
aminoglycoside	aac(3)*	aminoglycoside 3-N-acetyltransferase	NF033082.0	aac(3)	NA	1734
aminoglycoside	aac(3)-I	AAC(3)-I family aminoglycoside N-acetyltransferase	NF033083.0	NA	NA	998
aminoglycoside	aac(3)-I	aminoglycoside N-acetyltransferase AAC(3)-Ia	NBR011598	aac(3)-Ia	NA	6
aminoglycoside	aac(3)-I	aminoglycoside N-acetyltransferase AAC(3)-Id	NBR011601	aac(3)-Id	NA	1
aminoglycoside	aac(3)-I	aminoglycoside N-acetyltransferase AAC(3)-If	NBR011602	aac(3)-If	NA	1
aminoglycoside	aac(3)-I	aminoglycoside N-acetyltransferase AAC(3)-Ih	NBR011603	aac(3)-Ih	NA	8
aminoglycoside	aac(3)-I	aminoglycoside N-acetyltransferase AAC(3)-Ii	NBR011604	aac(3)-Ii	NA	1
aminoglycoside	aac(3)-II	aminoglycoside N-acetyltransferase AAC(3)-IIa	NBR011605	aac(3)-IIa	NA	1
aminoglycoside	aac(3)-II	aminoglycoside N-acetyltransferase AAC(3)-IId	NBR011608	aac(3)-IId	NA	97
aminoglycoside	aac(3)-II	aminoglycoside N-acetyltransferase AAC(3)-IIe	NBR011609	aac(3)-IIe	NA	72
aminoglycoside	aac(3)-II	aminoglycoside N-acetyltransferase AAC(3)-IIg	NBR012242	aac(3)-IIg	NA	5
aminoglycoside	aac(3)-III	aminoglycoside N-acetyltransferase AAC(3)-IIIa	NBR011611	aac(3)-IIIa	NA	2
aminoglycoside	aac(3)-IV	AAC(3)-IV family aminoglycoside N-acetyltransferase	NF033081.0	aac(3)-IV	NA	99
aminoglycoside	aac(3)-IV	aminoglycoside N-acetyltransferase AAC(3)-IVa	NBR011610	aac(3)-IVa	NA	69
aminoglycoside	aac(3)-IV	aminoglycoside N-acetyltransferase AAC(3)-IVb	NBR012952	aac(3)-IVb	NA	6
aminoglycoside	aac(3)-VI	aminoglycoside N-acetyltransferase AAC(3)-VIa	NF033612.0	aac(3)-VIa	NA	15
aminoglycoside	aac(3)-VIII	aminoglycoside N-acetyltransferase AAC(3)-VIII	NF033180.1	aac(3)-VIII	NA	29
aminoglycoside	aac(3)-XI	aminoglycoside N-acetyltransferase AAC(3)-XI	NF000482.1	aac(3)-XI	NA	13
aminoglycoside	aac(6')*	aminoglycoside 6'-N-acetyltransferase	NF000021.4	aac(6')	NA	166
aminoglycoside	aac(6')*	aminoglycoside 6'-N-acetyltransferase	NF000225.3	aac(6')	NA	468
aminoglycoside	aac(6')*	aminoglycoside 6'-N-acetyltransferase	NF012165.0	aac(6')	NA	11
aminoglycoside	aac(6')*	aminoglycoside 6'-N-acetyltransferase	NF033075.0	aacA	NA	49
aminoglycoside	aac(6')*	aminoglycoside 6'-N-acetyltransferase	NF033076.0	aac(6')	NA	2
aminoglycoside	aac(6')*	aminoglycoside 6'-N-acetyltransferase	NF043067.1	aac(6')	NA	3731
aminoglycoside	aac(6')*	aminoglycoside 6'-N-acetyltransferase	NG_052178.1	aac(6')	NA	1
aminoglycoside	aac(6')*	aminoglycoside 6'-N-acetyltransferase	NG_052187.1	aac(6')	NA	1
aminoglycoside	aac(6')*	aminoglycoside 6'-N-acetyltransferase	NG_052190.1	aac(6')	NA	1
aminoglycoside	aac(6')*	aminoglycoside 6'-N-acetyltransferase	NG_052191.1	aac(6')	NA	1
aminoglycoside	aac(6')*	aminoglycoside 6'-N-acetyltransferase	NG_052192.1	aac(6')	NA	1
aminoglycoside	aac(6')*	aminoglycoside 6'-N-acetyltransferase	NG_052193.1	aac(6')	NA	1
aminoglycoside	aac(6')*	aminoglycoside 6'-N-acetyltransferase	NG_052194.1	aac(6')	NA	1
aminoglycoside	aac(6')*	aminoglycoside 6'-N-acetyltransferase	NG_052195.1	aac(6')	NA	1
aminoglycoside	aac(6')*	aminoglycoside 6'-N-acetyltransferase	NG_052196.1	aac(6')	NA	1
aminoglycoside	aac(6')*	aminoglycoside 6'-N-acetyltransferase	NG_052204.1	aacA	NA	1
aminoglycoside	aac(6')*	aminoglycoside 6'-N-acetyltransferase	NG_052209.1	aac(6')	NA	1
aminoglycoside	aac(6')*	aminoglycoside 6'-N-acetyltransferase	NG_052263.1	aac(6')	NA	1
aminoglycoside	aac(6')*	aminoglycoside 6'-N-acetyltransferase	NG_052284.1	aac(6')	NA	1
aminoglycoside	aac(6')*	aminoglycoside 6'-N-acetyltransferase	NG_052292.1	aac(6')	NA	1
aminoglycoside	aac(6')*	aminoglycoside 6'-N-acetyltransferase	NG_052297.1	aac(6')	NA	1
aminoglycoside	aac(6')*	aminoglycoside 6'-N-acetyltransferase	NG_052336.1	aac(6')	NA	1
aminoglycoside	aac(6')*	aminoglycoside 6'-N-acetyltransferase	NG_052345.1	aac(6')	NA	1
aminoglycoside	aac(6')*	aminoglycoside 6'-N-acetyltransferase	NG_052346.1	aac(6')	NA	1
aminoglycoside	aac(6')*	aminoglycoside 6'-N-acetyltransferase	NG_052347.1	aac(6')	NA	1
aminoglycoside	aac(6')*	aminoglycoside 6'-N-acetyltransferase	NG_052389.1	aac(6')	NA	1
aminoglycoside	aac(6')*	aminoglycoside 6'-N-acetyltransferase	NG_052415.1	aac(6')	NA	1
aminoglycoside	aac(6')*	aminoglycoside 6'-N-acetyltransferase	NG_052419.1	aac(6')	NA	1
aminoglycoside	aac(6')*	aminoglycoside 6'-N-acetyltransferase	NG_052420.1	aac(6')	NA	2
aminoglycoside	aac(6')*	aminoglycoside 6'-N-acetyltransferase	NG_052427.1	aac(6')	NA	1
aminoglycoside	aac(6')*	aminoglycoside 6'-N-acetyltransferase	NG_052448.1	aac(6')	NA	1
aminoglycoside	aac(6')*	aminoglycoside 6'-N-acetyltransferase	NG_052449.1	aac(6')	NA	1
aminoglycoside	aac(6')*	aminoglycoside 6'-N-acetyltransferase	NG_052450.1	aac(6')	NA	1
aminoglycoside	aac(6')*	aminoglycoside 6'-N-acetyltransferase	NG_052451.1	aac(6')	NA	1
aminoglycoside	aac(6')*	aminoglycoside 6'-N-acetyltransferase	NG_052466.1	aac(6')	NA	1
aminoglycoside	aac(6')*	aminoglycoside 6'-N-acetyltransferase	NG_052468.1	aac(6')	NA	1
aminoglycoside	aac(6')*	aminoglycoside 6'-N-acetyltransferase	NG_052471.1	aac(6')	NA	1
aminoglycoside	aac(6')*	aminoglycoside 6'-N-acetyltransferase	NG_052472.1	aac(6')	NA	1
aminoglycoside	aac(6')*	aminoglycoside 6'-N-acetyltransferase	NG_054690.1	aac(6')	NA	1
aminoglycoside	aac(6')*	aminoglycoside 6'-N-acetyltransferase AAC(6')-29	NF000050.2	aac(6')-29	NA	36
aminoglycoside	aac(6')*	aminoglycoside 6'-N-acetyltransferase AAC(6')-30	NF033077.0	aacA30	NA	3
aminoglycoside	aac(6')*	aminoglycoside 6'-N-acetyltransferase AAC(6')-35	NBR016120	aac(6')-35	NA	40
aminoglycoside	aac(6')*	aminoglycoside 6'-N-acetyltransferase AAC(6')-E111	NBR017292	aac(6')-E111	NA	1
aminoglycoside	aac(6')*	aminoglycoside 6'-N-acetyltransferase AacA34	NF000123.2	aacA34	NA	2
aminoglycoside	aac(6')*	aminoglycoside 6'-N-acetyltransferase AacA37	NF000152.2	aacA37	NA	1
aminoglycoside	aac(6')*	aminoglycoside N-acetyltransferase AAC(6')-31	NF000118.3	aac(6')-31	NA	10
aminoglycoside	aac(6')-I	AAC(6')-Ia family aminoglycoside 6'-N-acetyltransferase	NF033078.2	aac(6')	NA	14
aminoglycoside	aac(6')-I	AAC(6')-Ib family aminoglycoside 6'-N-acetyltransferase	NF033074.0	aac(6')-Ib	NA	244
aminoglycoside	aac(6')-I	AAC(6')-Ighjkrstuvwx family aminoglycoside N-acetyltransferase	NF000224.3	aac(6')-I	NA	68
aminoglycoside	aac(6')-I	AacA48 family aminoglycoside 6'-N-acetyltransferase	NF033130.1	NA	NA	1
aminoglycoside	aac(6')-I	aminoglycoside N-acetyltransferase AAC(6')-Iak	NF000497.1	aac(6')-Iak	NA	10
aminoglycoside	aac(6')-I	aminoglycoside N-acetyltransferase AAC(6')-Ian	NF000431.1	aac(6')-Ian	NA	11
aminoglycoside	aac(6')-I	aminoglycoside N-acetyltransferase AAC(6')-If	NF000110.2	aac(6')-If	NA	6
aminoglycoside	aac(6')-I	aminoglycoside N-acetyltransferase AAC(6')-Ii	NF000165.3	aac(6')	NA	141
aminoglycoside	aac(6')-I	aminoglycoside N-acetyltransferase AAC(6')-Il	NF000158.2	aac(6')-Il	NA	8
aminoglycoside	aac(6')-I	aminoglycoside N-acetyltransferase AAC(6')-Im	NF000016.1	aac(6')-Im	NA	5
aminoglycoside	aac(6')-I	aminoglycoside N-acetyltransferase AAC(6')-Iz	NF000138.1	aac(6')-Iz	NA	41
aminoglycoside	aac(6')-I	cryptic aminoglycoside N-acetyltransferase AAC(6')-Iy/Iaa	NF000140.3	aac(6')	NA	263
aminoglycoside	aac(6')-II	aminoglycoside N-acetyltransferase AAC(6')-IIc	NF000135.2	aac(6')-IIc	NA	10
aminoglycoside	aac(6')-III	tobramycin N-acetyltransferase AAC(6')-III	NF038102.1	aac(6')-III	NA	48
aminoglycoside	ant(2'')-I	aminoglycoside nucleotidyltransferase ANT(2'')-Ia	NF000064.3	aadB	NA	47
aminoglycoside	ant(3'')-I	ANT(3'')-I family aminoglycoside adenylyltransferase	NF045972.1	NA	NA	24
aminoglycoside	ant(3'')-I	ANT(3'')-I family aminoglycoside nucleotidyltransferase AadA33	NBR016731	aadA33	NA	9
aminoglycoside	ant(3'')-I	ANT(3'')-I family aminoglycoside nucleotidyltransferase AadA36	NBR016732	aadA36	NA	19
aminoglycoside	ant(3'')-I	ANT(3'')-I family aminoglycoside nucleotidyltransferase AadA37	NF051468.1	aadA37	NA	22
aminoglycoside	ant(3'')-I	ANT(3'')-Ia family aminoglycoside nucleotidyltransferase AadA1	NF033126.1	aadA1	NA	160
aminoglycoside	ant(3'')-I	ANT(3'')-Ia family aminoglycoside nucleotidyltransferase AadA3	NF033127.1	aadA3	NA	4
aminoglycoside	ant(3'')-I	AadA family aminoglycoside 3''-O-nucleotidyltransferase	NF012157.0	NA	NA	967
aminoglycoside	ant(3'')-I	aminoglycoside nucleotidyltransferase ANT(3'')-Ib	NBR012953	ant(3'')-Ib	NA	5
aminoglycoside	ant(3'')-I	aminoglycoside nucleotidyltransferase ANT(3'')-Ic	NF053581.1	ant(3'')-Ic	NA	53
aminoglycoside	ant(3'')-II	ANT(3'')-II family aminoglycoside nucleotidyltransferase	NF033220.1	NA	NA	58
aminoglycoside	ant(3'')-II	aminoglycoside nucleotidyltransferase ANT(3'')-IIa	NBR017353	ant(3'')-IIa	NA	225
aminoglycoside	ant(3'')-II	aminoglycoside nucleotidyltransferase ANT(3'')-IIb	NBR017354	ant(3'')-IIb	NA	10
aminoglycoside	ant(3'')-II	aminoglycoside nucleotidyltransferase ANT(3'')-IId	NBR017355	ant(3'')-IId	NA	5
aminoglycoside	ant(4')-I	ANT(4')-I family aminoglycoside nucleotidyltransferase	NF033061.1	NA	NA	427
aminoglycoside	ant(4')-I	aminoglycoside O-nucleotidyltransferase ANT(4')-Ia	NF000181.1	aadD1	NA	144
aminoglycoside	ant(4')-I	aminoglycoside O-nucleotidyltransferase ANT(4')-Ib	NF000079.1	aadD2	NA	13
aminoglycoside	ant(6)*	AadS family aminoglycoside 6-adenylyltransferase	NF033387.1	NA	NA	474
aminoglycoside	ant(6)*	aminoglycoside 6-adenylyltransferase	NF000274.2	ant(6)	NA	1
aminoglycoside	ant(6)*	aminoglycoside 6-adenylyltransferase	NF033084.2	ant(6)	NA	937
aminoglycoside	ant(6)*	aminoglycoside 6-adenylyltransferase AadK	NF000312.1	aadK	NA	163
aminoglycoside	ant(6)*	streptomycin adenylyltransferase Str	NF000062.1	str	NA	52
aminoglycoside	ant(6)-I	aminoglycoside nucleotidyltransferase ANT(6)-Ig	NF033221.1	ant(6)-Ig	NA	11
aminoglycoside	ant(9)*	aminoglycoside nucleotidyltransferase ANT(9)	NF012212.1	ant(9)	NA	334
aminoglycoside	ant(9)-I	aminoglycoside nucleotidyltransferase ANT(9)-Ic	NF045909.1	ant(9)-Ic	NA	38
aminoglycoside	aph(2'')*	APH(2'')-Ie/IVa family aminoglycoside O-phosphotransferase	NF000076.3	aph(2'')	NA	1
aminoglycoside	aph(2'')-I	APH(2'')-Ia/If/Ih family aminoglycoside O-phosphotransferase	NF033692.1	aph(2'')-I	NA	17
aminoglycoside	aph(2'')-I	APH(2'')-If/Ih family aminoglycoside O-phosphotransferase	NF000498.2	aph(2'')-I	NA	18
aminoglycoside	aph(2'')-I	aminoglycoside O-phosphotransferase APH(2'')-Ia	NF000508.1	aph(2'')-Ia	NA	205
aminoglycoside	aph(2'')-I	aminoglycoside O-phosphotransferase APH(2'')-Ig	NF000132.2	aph(2'')-Ig	NA	4
aminoglycoside	aph(2'')-II	aminoglycoside O-phosphotransferase APH(2'')-IIa	NF000015.3	aph(2'')-IIa	NA	12
aminoglycoside	aph(2'')-III	aminoglycoside O-phosphotransferase APH(2'')-IIIa	NF000044.2	aph(2'')-IIIa	NA	8
aminoglycoside	aph(3'')*	APH(3'') family aminoglycoside O-phosphotransferase	NF032896.1	NA	NA	1690
aminoglycoside	aph(3'')-I	aminoglycoside O-phosphotransferase APH(3'')-Ia	NF032894.1	aph(3'')-Ia	NA	13
aminoglycoside	aph(3'')-I	aminoglycoside O-phosphotransferase APH(3'')-Ib	NF032895.1	aph(3'')-Ib	NA	418
aminoglycoside	aph(3')*	APH(3') family aminoglycoside O-phosphotransferase	NF033068.1	NA	NA	2059
aminoglycoside	aph(3')-I	APH(3')-I family aminoglycoside O-phosphotransferase	NF033059.2	NA	NA	305
aminoglycoside	aph(3')-I	aminoglycoside O-phosphotransferase APH(3')-Ia	NF051474.1	aph(3')-Ia	NA	280
aminoglycoside	aph(3')-I	aminoglycoside O-phosphotransferase APH(3')-Ie	NBR017174	aph(3')-Ie	NA	6
aminoglycoside	aph(3')-II	APH(3')-II family aminoglycoside O-phosphotransferase	NF032898.2	NA	NA	1744
aminoglycoside	aph(3')-II	aminoglycoside O-phosphotransferase APH(3')-IId	NBR014706	aph(3')-IId	NA	20
aminoglycoside	aph(3')-III	aminoglycoside O-phosphotransferase APH(3')-IIIa	NF033064.0	aph(3')-IIIa	NA	140
aminoglycoside	aph(3')-IV	aminoglycoside O-phosphotransferase APH(3')-IVa	NF033065.0	aph(3')-IVa	NA	22
aminoglycoside	aph(3')-V	APH(3')-V family aminoglycoside O-phosphotransferase	NF032897.1	NA	NA	35
aminoglycoside	aph(3')-VI	APH(3')-VI family aminoglycoside O-phosphotransferase	NF033062.0	NA	NA	143
aminoglycoside	aph(3')-VII	aminoglycoside O-phosphotransferase APH(3')-VIIa	NF033067.1	aph(3')-VIIa	NA	3
aminoglycoside	aph(3')-VIII	aminoglycoside O-phosphotransferase APH(3')-VIIIa	NF033066.0	aph(3')-VIIIa	NA	14
aminoglycoside	aph(3')-XV	aminoglycoside O-phosphotransferase APH(3')-XV	NF033063.0	aph(3')-XV	NA	13
aminoglycoside	aph(4)-I	aminoglycoside O-phosphotransferase APH(4)-Ia	NF000107.2	aph(4)-Ia	NA	64
aminoglycoside	aph(6)*	APH(6) family putative aminoglycoside O-phosphotransferase	NF012160.0	NA	NA	486
aminoglycoside	aph(6)-I	APH(6)-I family aminoglycoside O-phosphotransferase	NF012171.0	NA	NA	646
aminoglycoside	aph(6)-I	APH(6)-I family aminoglycoside O-phosphotransferase	NF033614.1	NA	NA	61
aminoglycoside	aph(6)-I	aminoglycoside O-phosphotransferase APH(6)-Ic	NF000011.2	aph(6)-Ic	NA	31
aminoglycoside	aph(7'')-I	aminoglycoside O-phosphotransferase APH(7'')-Ia	NF000137.2	aph(7'')-Ia	NA	28
aminoglycoside	aph(9)-I	aminoglycoside O-phosphotransferase APH(9)-Ia	NF000052.4	aph(9)-Ia	NA	54
aminoglycoside	aph(9)-I	aminoglycoside O-phosphotransferase APH(9)-Ib	NF000029.2	aph(9)-Ib	NA	2
aminoglycoside	apmA	aminocyclitol acetyltransferase ApmA	NF000084.1	apmA	NA	2
aminoglycoside	armA	16S rRNA (guanine(1405)-N(7))-methyltransferase ArmA	NBR015259	armA	NA	55
aminoglycoside	eis	amikacin resistance N-acetyltransferase Eis2	NBR006238	eis2	NA	47
aminoglycoside	eis	enhanced intracellular survival protein Eis	NF002364.0	NA	PRK01346	133
aminoglycoside	eis	enhanced intracellular survival protein Eis	NF002368.0	NA	PRK01346	539
aminoglycoside	fmrO	16S rRNA (guanine(1405)-N(7))-methyltransferase	NBR017030	fmrO	NA	1
aminoglycoside	gar	gentamicin resistance ATP-binding protein Gar	NBR013258	gar	NA	1
aminoglycoside	kamB	16S rRNA (adenine(1408)-N(1))-methyltransferase KamB	NF000363.1	kamB	NA	42
aminoglycoside	kamC	16S rRNA (adenine(1408)-N(1))-methyltransferase KamC	NBR017214	kamC	NA	6
aminoglycoside	npmA	16S rRNA (adenine(1408)-N(1))-methyltransferase NpmA	NF000030.2	npmA	NA	1
aminoglycoside	rmt*	Rmt family 16S rRNA (guanine(1405)-N(7))-methyltransferase	NF000466.2	NA	NA	40
aminoglycoside	rmt*	Rmt family 16S rRNA (guanine(1405)-N(7))-methyltransferase	NF000466.3	rmt	NA	1
aminoglycoside	rmtB	RmtB family 16S rRNA (guanine(1405)-N(7))-methyltransferase	NF033209.1	NA	NA	24
aminoglycoside	rmtC	RmtC family 16S rRNA (guanine(1405)-N(7))-methyltransferase	NF000150.1	NA	NA	4
aminoglycoside	rmtD	RmtD family 16S rRNA (guanine(1405)-N(7))-methyltransferase	NF000007.1	NA	NA	2
aminoglycoside	rmtE	RmtE family 16S rRNA (guanine(1405)-N(7))-methyltransferase	NF000069.1	NA	NA	4
aminoglycoside	rmtF	RmtF family 16S rRNA (guanine(1405)-N(7))-methyltransferase	NF000113.1	NA	NA	20
aminoglycoside	rmtG	RmtG family 16S rRNA (guanine(1405)-N(7))-methyltransferase	NF000114.1	NA	NA	2
aminoglycoside	warA	16S rRNA (adenine(1408)-N(1))-methyltransferase WarA	NF051863.1	warA	NA	17
avilamycin	emtA	EmtA family 23S rRNA (guanine(2470)) methyltransferase	NF033398.1	NA	NA	24
bacitracin	bahA	bacitracin amidohydrolase BahA	NBR007700	bahA	NA	52
bacitracin	bceA	bacitracin ABC transporter ATP-binding protein BceA	NBR009268	bceA	NA	95
bacitracin	bceB	bacitracin ABC transporter permease BceB	NBR009270	bceB	NA	357
bacitracin	bcrA	bacitracin ABC transporter ATP-binding protein BcrA	NBR016205	bcrA	NA	91
bacitracin	bcrA	bacitracin resistance ABC transporter ATP-binding subunit BcrA	NBR006381	bcrA	NA	31
bacitracin	bcrB	bacitracin ABC transporter permease BcrB	NBR016206	bcrB	NA	7
bacitracin	bcrB	bacitracin resistance ABC transporter permease subunit BcrB	NBR006382	bcrB	NA	6
bacteriocin	psdA	lantibiotic ABC transporter ATP-binding protein PsdA	NBR010050	psdA	NA	112
bacteriocin	psdB	lantibiotic ABC transporter permease PsdB	NBR010051	psdB	NA	183
bacteriocin	vraD	peptide resistance ABC transporter ATP-binding subunit VraD	NBR008291	vraD	NA	194
bacteriocin	vraE	peptide resistance ABC transporter permease subunit VraE	NBR008292	vraE	NA	615
beta-lactam	bla*	AmpC-Kaer family extended-spectrum class C beta-lactamase	NF041662.1	ampC-Kaer	NA	164
beta-lactam	bla*	BKC/GPC family carbapenem-hydrolyzing class A beta-lactamase	NF033626.2	bla	NA	61
beta-lactam	bla*	BlaB/IND/MUS family subclass B1 metallo-beta-lactamase	NF012146.1	bla	NA	267
beta-lactam	bla*	BlaZ-like penicillin-hydrolyzing class A beta-lactamase	NF033141.0	bla	NA	128
beta-lactam	bla*	CGA/CIA family class A beta-lactamase	NF000447.2	bla-A	NA	403
beta-lactam	bla*	CMY2-MIR-ACT-EC family cephalosporin-hydrolyzing class C beta-lactamase	NF041666.1	ampC	NA	19
beta-lactam	bla*	CMY2/MIR/ACT/EC family class C beta-lactamase	NF012173.1	ampC	NA	284
beta-lactam	bla*	CdiA/SED family class A beta-lactamase	NF049858.1	bla	NA	19
beta-lactam	bla*	FOX/MOX family class C beta-lactamase	NF012172.1	ampC	NA	580
beta-lactam	bla*	MUS/TUS/MOC family subclass B1 metallo-beta-lactamase	NF012137.0	bla	NA	13
beta-lactam	bla*	PLA/ORN/TER family class A beta-lactamase	NF000275.2	bla	NA	19
beta-lactam	bla*	SFH-related subclass B2 metallo-beta-lactamase	NF012225.0	bla	NA	4
beta-lactam	bla*	carbapenem-hydrolyzing class A beta-lactamase	NF000538.1	bla	NA	21
beta-lactam	bla*	cephalosporin-hydrolyzing class C beta-lactamase	NF041663.1	ampC	NA	36
beta-lactam	bla*	class A beta-lactamase	NF012167.0	bla	NA	2389
beta-lactam	bla*	class A beta-lactamase	NF033103.1	bla	NA	29622
beta-lactam	bla*	class A beta-lactamase	NF058777.1	NA	NA	4
beta-lactam	bla*	class A beta-lactamase, subclass A2	NF012099.1	bla	NA	2046
beta-lactam	bla*	class C beta-lactamase	NF033085.1	ampC	NA	10942
beta-lactam	bla*	class C beta-lactamase AmpC(Phz)	NBR017217	ampC(Phz)	NA	11
beta-lactam	bla*	class D beta-lactamase	NF000270.1	blaOXA	NA	2970
beta-lactam	bla*	class D beta-lactamase	NF000463.2	blaOXA	NA	41
beta-lactam	bla*	class D beta-lactamase	NF012161.0	blaOXA	NA	4921
beta-lactam	bla*	metallo-beta-lactamase	NF012229.1	bla	NA	49
beta-lactam	bla*	subclass B1 metallo-beta-lactamase	NF000450.2	bla-B1-FLAV	NA	264
beta-lactam	bla*	subclass B1 metallo-beta-lactamase	NF033088.2	bla	NA	2569
beta-lactam	bla*	subclass B1 metallo-beta-lactamase, long type	NF041269.1	bla	NA	21
beta-lactam	bla*	subclass B2 metallo-beta-lactamase	NF033087.1	bla	NA	39
beta-lactam	bla*	subclass B3 metallo-beta-lactamase	NF033105.1	bla	NA	4461
beta-lactam	bla1	class A beta-lactamase Bla1	NF033096.2	bla	NA	845
beta-lactam	bla2	BcII family subclass B1 metallo-beta-lactamase	NF033095.1	bla2	NA	649
beta-lactam	bla3	class A beta-lactamase BlaIII	NF041270.1	blaIII	NA	537
beta-lactam	blaA	class A beta-lactamase BlaA	NF033152.0	blaA	NA	57
beta-lactam	blaACA	ACA family class A beta-lactamase	NF047556.1	blaACA	NA	89
beta-lactam	blaACC	ACC family cephalosporin-hydrolyzing class C beta-lactamase	NF000397.2	blaACC	NA	11
beta-lactam	blaACES	ACES family extended-spectrum class C beta-lactamase	NF058748.1	blaACES	NA	12
beta-lactam	blaACI	ACI family class A beta-lactamase	NF000448.2	blaACI	NA	17
beta-lactam	blaACT	ACT family cephalosporin-hydrolyzing class C beta-lactamase	NF000385.4	blaACT	NA	789
beta-lactam	blaADC	ADC family extended-spectrum class C beta-lactamase	NF000425.2	blaADC	NA	739
beta-lactam	blaAHM	AHM family subclass B3-like metallo-beta-lactamase	NF049846.1	blaAHM	NA	85
beta-lactam	blaAIM	AIM family subclass B3 metallo-beta-lactamase	NF000439.2	blaAIM	NA	18
beta-lactam	blaAKO	AKO family class C beta-lactamase	NF053709.1	blaAKO	NA	4
beta-lactam	blaALI	ALI family subclass B1 metallo-beta-lactamase	NF033582.2	blaALI	NA	35
beta-lactam	blaAMZ	AMZ family class C beta-lactamase	NF041741.1	blaAMZ	NA	55
beta-lactam	blaAQU	AQU family class C beta-lactamase	NF033467.0	blaAQU	NA	59
beta-lactam	blaARL	ARL family class A beta-lactamase	NF033386.1	blaARL	NA	14
beta-lactam	blaASDC	ASDC family class C beta-lactamase	NF047361.1	blaASDC	NA	56
beta-lactam	blaAVDC	AVDC family class C beta-lactamase	NF050070.1	blaAVDC	NA	28
beta-lactam	blaAXC	AXC family carbapenem-hydrolyzing class A beta-lactamase	NF033929.1	blaAXC	NA	22
beta-lactam	blaB	BlaB family subclass B1 metallo-beta-lactamase	NF033107.1	blaB	NA	34
beta-lactam	blaBBI	BBI family class A beta-lactamase	NF033714.1	blaBBI	NA	50
beta-lactam	blaBCL	BCL family class A beta-lactamase	NF033060.0	blaBCL	NA	13
beta-lactam	blaBEL	BEL family extended-spectrum class A beta-lactamase	NF000398.2	blaBEL	NA	1
beta-lactam	blaBES	BES family class A beta-lactamase	NF000451.2	blaBES	NA	1
beta-lactam	blaBIC	BIC family carbapenem-hydrolyzing class A beta-lactamase	NF000449.2	blaBIC	NA	1
beta-lactam	blaBJP	BJP family subclass B3 metallo-beta-lactamase	NF012140.0	blaBJP	NA	320
beta-lactam	blaBMHC	BMHC family subclass B1 metallo-beta-lactamase	NF045721.1	blaBMHC	NA	1
beta-lactam	blaBOR	BOR family class A beta-lactamase	NF040659.1	blaBOR	NA	16
beta-lactam	blaBPU	BPU family class D beta-lactamase	NF012098.1	blaBPU	NA	458
beta-lactam	blaBUT	BUT family class C beta-lactamase	NF038238.1	blaBUT	NA	8
beta-lactam	blaC	class A beta-lactamase BlaC	NF041154.1	blaC	NA	45
beta-lactam	blaCAE	CAE family broad-spectrum class A beta-lactamase	NF041590.1	blaCAE	NA	4
beta-lactam	blaCAR	CAR family subclass B3 metallo-beta-lactamase	NF000469.2	blaCAR	NA	179
beta-lactam	blaCARB	CARB family carbenicillin-hydrolyzing class A beta-lactamase	NF000188.2	blaCARB	NA	182
beta-lactam	blaCARB	CARB/PSE/RTG family carbenicillin-hydrolyzing class A beta-lactamase	NF000481.1	blaCARB	NA	157
beta-lactam	blaCAU	CAU/MBL1b family subclass B3 metallo-beta-lactamase	NF000427.2	blaCAU	NA	82
beta-lactam	blaCBP	CBP family penicillin-hydrolyzing class A beta-lactamase	NF000517.2	blaCBP	NA	7
beta-lactam	blaCDD	CDD family class D beta-lactamase	NF033866.1	blaCDD	NA	77
beta-lactam	blaCESS	CESS family extended-spectrum class A beta-lactamase	NF050797.1	blaCESS	NA	68
beta-lactam	blaCHA	CHA family extended-spectrum class A beta-lactamase	NF050809.1	blaCHA	NA	20
beta-lactam	blaCHC	CHC family extended-spectrum class C beta-lactamase	NF050810.1	blaCHC	NA	23
beta-lactam	blaCHM	CHM family subclass B1 metallo-beta-lactamase	NF041758.1	blaCHM	NA	150
beta-lactam	blaCIA	CIA family extended-spectrum class A beta-lactamase	NF000446.2	blaCIA	NA	3
beta-lactam	blaCIM	CIM family subclass B1 metallo-beta-lactamase	NF041441.1	blaCIM	NA	5
beta-lactam	blaCMA/CSA	CMA family class C beta-lactamase	NF033700.1	blaCMA	NA	19
beta-lactam	blaCMA/CSA	CSA family class C beta-lactamase	NF033698.1	blaCSA	NA	64
beta-lactam	blaCME	CME family extended-spectrum class A beta-lactamase	NF000511.2	blaCME	NA	63
beta-lactam	blaCMH	CMH family class C beta-lactamase	NF000419.2	blaCMH	NA	99
beta-lactam	blaCMY	CMY-2 family class C beta-lactamase	NF000191.1	blaCMY	NA	420
beta-lactam	blaCOR	COR family subclass B1 metallo-beta-lactamase	NF047974.1	blaCOR	NA	54
beta-lactam	blaCPS	CPS family subclass B3 metallo-beta-lactamase	NF000454.2	blaCPS	NA	38
beta-lactam	blaCRH	CRH family carbapenem-hydrolyzing class A beta-lactamase	NF033211.1	blaCRH	NA	21
beta-lactam	blaCRP	CRP family carbapenem-hydrolyzing class A beta-lactamase	NF040548.1	blaCRP	NA	6
beta-lactam	blaCSR	CSR family subclass B3 metallo-beta-lactamase-like protein	NF047339.1	blaCSR	NA	112
beta-lactam	blaCTX-M	CTX-M family extended-spectrum class A beta-lactamase	NF033089.1	blaCTX-M	NA	237
beta-lactam	blaCVI	CVI family subclass B2 metallo-beta-lactamase	NF038046.1	blaCVI	NA	8
beta-lactam	blaDHA	DHA family class C beta-lactamase	NF012102.1	blaDHA	NA	123
beta-lactam	blaDIM	DIM family subclass B1 metallo-beta-lactamase	NF000445.2	blaDIM	NA	2
beta-lactam	blaDIM	DIM/SIM/IMP family subclass B1 metallo-beta-lactamase	NF012145.1	blaDIM	NA	80
beta-lactam	blaDYB	DYB family subclass B1 metallo-beta-lactamase	NF045731.1	blaDYB	NA	4
beta-lactam	blaEAM	EAM family subclass B3 metallo-beta-lactamase	NF040470.1	blaEAM	NA	4
beta-lactam	blaEBR	EBR family subclass B1 metallo-beta-lactamase	NF000444.3	blaEBR	NA	43
beta-lactam	blaEC	BlaEC family class C beta-lactamase	NF000185.2	NA	NA	1275
beta-lactam	blaECM	ECM family subclass B3 metallo-beta-lactamase	NF040468.1	blaECM	NA	25
beta-lactam	blaEFM	EFM family subclass B3 metallo-beta-lactamase	NF040469.1	blaEFM	NA	24
beta-lactam	blaELC	ELC family class C beta-lactamase	NF050047.1	blaELC	NA	126
beta-lactam	blaESP	ESP-1 family subclass B3 metallo-beta-lactamase	NF000455.2	blaESP	NA	10
beta-lactam	blaEXO	Exo family class A beta-lactamase	NF033099.1	bla2a	NA	96
beta-lactam	blaFEZ	FEZ family subclass B3 metallo-beta-lactamase	NF000216.2	blaFEZ	NA	9
beta-lactam	blaFONA	FONA family class A beta-lactamase	NF000323.2	blaFONA	NA	55
beta-lactam	blaFOX	FOX family cephalosporin-hydrolyzing class C beta-lactamase	NF000399.2	blaFOX	NA	38
beta-lactam	blaFRI	FRI family carbapenem-hydrolyzing class A beta-lactamase	NF000428.4	blaFRI	NA	5
beta-lactam	blaFTU	FTU family class A beta-lactamase	NF000513.2	blaFTU	NA	15
beta-lactam	blaGES	GES family class A beta-lactamase	NF012103.0	blaGES	NA	17
beta-lactam	blaGIL	GIL family class A beta-lactamase	NF000505.2	blaGIL	NA	10
beta-lactam	blaGMA	GMA family class A beta-lactamase	NF040812.1	blaGMA	NA	5
beta-lactam	blaGOB	GOB family subclass B3 metallo-beta-lactamase	NF012101.1	blaGOB	NA	31
beta-lactam	blaGUA	GUA family extended-spectrum class A beta-lactamase	NF058698.1	blaGUA	NA	1
beta-lactam	blaHBL	HBL family class A beta-lactamase	NF040780.1	blaHBL	NA	4
beta-lactam	blaHER	HER family class A beta-lactamase	NF040940.1	blaHER	NA	27
beta-lactam	blaHMB	HMB family subclass B1 metallo-beta-lactamase	NF041161.1	blaHMB	NA	1
beta-lactam	blaIDC	IDC family class C beta-lactamase	NF038069.1	blaIDC	NA	2
beta-lactam	blaIMI	IMI family carbapenem-hydrolyzing class A beta-lactamase	NF000400.3	blaIMI	NA	1
beta-lactam	blaIMP	IMP family subclass B1 metallo-beta-lactamase	NF012147.1	blaIMP	NA	18
beta-lactam	blaIND	IND family subclass B1 metallo-beta-lactamase	NF012149.0	blaIND	NA	187
beta-lactam	blaKHM	KHM family subclass B1 metallo-beta-lactamase	NF041632.1	blaKHM	NA	8
beta-lactam	blaKLUC	KLUC family extended-spectrum class A beta-lactamase	NF000452.2	blaKLUC	NA	3
beta-lactam	blaKPC	KPC family carbapenem-hydrolyzing class A beta-lactamase	NF012141.1	blaKPC	NA	44
beta-lactam	blaL	BlaL family class A beta-lactamase	NF033101.0	NA	NA	4
beta-lactam	blaL1	L1 family subclass B3 metallo-beta-lactamase	NF033106.1	blaL1	NA	424
beta-lactam	blaL2	L2 family extended-spectrum class A beta-lactamase	NF000232.1	blaL2	NA	567
beta-lactam	blaLAP	LAP family class A beta-lactamase	NF000383.2	blaLAP	NA	29
beta-lactam	blaLAQ	LAQ family class C beta-lactamase	NF040478.1	blaLAQ	NA	31
beta-lactam	blaLEN	LEN family class A beta-lactamase	NF000233.2	blaLEN	NA	13
beta-lactam	blaLHK	LHK family class C beta-lactamase	NF033569.1	blaLHK	NA	20
beta-lactam	blaLUT	LUT family class A beta-lactamase	NF000324.2	blaLUT	NA	13
beta-lactam	blaMAB	MAB family class A beta-lactamase	NF041113.1	blaMAB	NA	90
beta-lactam	blaMCA	MCA family class C beta-lactamase	NF033406.1	blaMCA	NA	24
beta-lactam	blaMIM	MIM family subclass B3 metallo-beta-lactamase	NF047896.1	blaMIM	NA	5
beta-lactam	blaMIR	MIR family cephalosporin-hydrolyzing class C beta-lactamase	NF000187.3	blaMIR	NA	67
beta-lactam	blaMOX	CMY-1/MOX family class C beta-lactamase	NF000239.3	blaMOX	NA	214
beta-lactam	blaMUN	MUN family extended-spectrum class A beta-lactamase	NF045651.1	blaMUN	NA	6
beta-lactam	blaMUS	MUS family subclass B1 metallo-beta-lactamase	NF000441.2	blaMUS	NA	11
beta-lactam	blaMYX	MYX family subclass B1 metallo-beta-lactamase	NF047964.1	blaMYX	NA	24
beta-lactam	blaNDM	NDM family subclass B1 metallo-beta-lactamase	NF000259.2	blaNDM	NA	58
beta-lactam	blaOCH	OCH family extended-spectrum class C beta-lactamase	NF000264.2	blaOCH	NA	62
beta-lactam	blaOKP	OKP family broad-spectrum class A beta-lactamase	NF000265.2	blaOKP	NA	3
beta-lactam	blaOKP	OKP-A family broad-spectrum class A beta-lactamase	NF052571.1	blaOKP-A	NA	14
beta-lactam	blaOKP	OKP-B family broad-spectrum class A beta-lactamase	NF051479.1	blaOKP-B	NA	21
beta-lactam	blaORN	ORN family class A beta-lactamase	NF038401.1	blaORN	NA	22
beta-lactam	blaOXA	OXA-1 family class D beta-lactamase	NF000388.2	blaOXA	NA	145
beta-lactam	blaOXA	OXA-10 family class D beta-lactamase	NF000386.2	blaOXA	NA	44
beta-lactam	blaOXA	OXA-1036 family carbapenem-hydrolyzing class D beta-lactamase	NF040529.1	blaOXA	NA	12
beta-lactam	blaOXA	OXA-1043 family class D beta-lactamase	NF040600.1	blaOXA	NA	570
beta-lactam	blaOXA	OXA-1090 family carbapenem-hydrolyzing class D beta-lactamase	NF040784.1	blaOXA	NA	86
beta-lactam	blaOXA	OXA-1091 family oxacillin-hydrolyzing class D beta-lactamase	NF040803.1	blaOXA	NA	53
beta-lactam	blaOXA	OXA-114 family class D beta-lactamase	NF033818.0	blaOXA	NA	27
beta-lactam	blaOXA	OXA-12 family class D beta-lactamase	NF033702.0	blaOXA	NA	515
beta-lactam	blaOXA	OXA-1206 family carbapenem-hydrolyzing class D beta-lactamase	NF041812.1	blaOXA	NA	143
beta-lactam	blaOXA	OXA-1238 family class D beta-lactamase	NF045807.1	blaOXA	NA	4
beta-lactam	blaOXA	OXA-1258 family class D beta-lactamase	NF047460.1	blaOXA	NA	4
beta-lactam	blaOXA	OXA-1327 family class D beta-lactamase	NF047782.1	blaOXA	NA	23
beta-lactam	blaOXA	OXA-134 family carbapenem-hydrolyzing class D beta-lactamase	NF000436.2	blaOXA	NA	64
beta-lactam	blaOXA	OXA-143 family carbapenem-hydrolyzing class D beta-lactamase	NF000464.2	blaOXA	NA	2
beta-lactam	blaOXA	OXA-184 family class D beta-lactamase	NF000461.2	blaOXA	NA	60
beta-lactam	blaOXA	OXA-198 family carbapenem-hydrolyzing class D beta-lactamase	NF040806.1	blaOXA	NA	5
beta-lactam	blaOXA	OXA-2 family class D beta-lactamase	NF000267.2	blaOXA	NA	21
beta-lactam	blaOXA	OXA-20 family oxacillin-hydrolyzing class D beta-lactamase	NF052298.1	blaOXA	NA	2
beta-lactam	blaOXA	OXA-211 family carbapenem-hydrolyzing class D beta-lactamase	NF000417.2	blaOXA	NA	61
beta-lactam	blaOXA	OXA-213 family carbapenem-hydrolyzing class D beta-lactamase	NF000269.2	blaOXA	NA	198
beta-lactam	blaOXA	OXA-214 family carbapenem-hydrolyzing class D beta-lactamase	NF000418.2	blaOXA	NA	8
beta-lactam	blaOXA	OXA-22 family class D beta-lactamase	NF033509.1	blaOXA	NA	57
beta-lactam	blaOXA	OXA-229 family carbapenem-hydrolyzing class D beta-lactamase	NF000501.2	blaOXA	NA	33
beta-lactam	blaOXA	OXA-23 family carbapenem-hydrolyzing class D beta-lactamase	NF000266.2	blaOXA	NA	37
beta-lactam	blaOXA	OXA-24 family carbapenem-hydrolyzing class D beta-lactamase	NF000434.2	blaOXA	NA	16
beta-lactam	blaOXA	OXA-258 family carbapenem-hydrolyzing class D beta-lactamase	NF045795.1	blaOXA	NA	6
beta-lactam	blaOXA	OXA-266 family class D beta-lactamase	NF033653.1	blaOXA	NA	18
beta-lactam	blaOXA	OXA-274 family carbapenem-hydrolyzing class D beta-lactamase	NF033648.1	blaOXA	NA	3
beta-lactam	blaOXA	OXA-286 family carbapenem-hydrolyzing class D beta-lactamase	NF000520.2	blaOXA	NA	31
beta-lactam	blaOXA	OXA-294 family class D beta-lactamase	NF038386.1	blaOXA	NA	27
beta-lactam	blaOXA	OXA-364 family class D beta-lactamase	NF033815.0	blaOXA	NA	11
beta-lactam	blaOXA	OXA-42 family class D beta-lactamase	NF040531.1	blaOXA	NA	40
beta-lactam	blaOXA	OXA-427 family carbapenem-hydrolyzing class D beta-lactamase	NF038217.2	blaOXA	NA	14
beta-lactam	blaOXA	OXA-46 family oxacillin-hydrolyzing class D beta-lactamase	NF033104.0	blaOXA	NA	4
beta-lactam	blaOXA	OXA-48 family class D beta-lactamase	NF000387.2	blaOXA	NA	71
beta-lactam	blaOXA	OXA-493 family class D beta-lactamase	NF000462.2	blaOXA	NA	86
beta-lactam	blaOXA	OXA-5 family class D beta-lactamase	NF040527.2	blaOXA	NA	5
beta-lactam	blaOXA	OXA-50 family oxacillin-hydrolyzing class D beta-lactamase	NF000432.2	blaOXA	NA	117
beta-lactam	blaOXA	OXA-50-var family class D beta-lactamase	NF047495.1	blaOXA	NA	6
beta-lactam	blaOXA	OXA-51 family carbapenem-hydrolyzing class D beta-lactamase	NF000268.2	blaOXA	NA	129
beta-lactam	blaOXA	OXA-548 family class D beta-lactamase	NF040530.1	blaOXA	NA	58
beta-lactam	blaOXA	OXA-55 family carbapenem-hydrolyzing class D beta-lactamase	NF033667.1	blaOXA	NA	74
beta-lactam	blaOXA	OXA-576 family class D beta-lactamase	NF033613.1	blaOXA	NA	1
beta-lactam	blaOXA	OXA-58 family carbapenem-hydrolyzing class D beta-lactamase	NF000500.2	blaOXA	NA	10
beta-lactam	blaOXA	OXA-60 family carbapenem-hydrolyzing class D beta-lactamase	NF000395.3	blaOXA	NA	55
beta-lactam	blaOXA	OXA-61 family class D beta-lactamase	NF000435.2	blaOXA	NA	49
beta-lactam	blaOXA	OXA-62 family carbapenem-hydrolyzing class D beta-lactamase	NF000430.2	blaOXA	NA	42
beta-lactam	blaOXA	OXA-63 family oxacillin-hydrolyzing class D beta-lactamase	NF000429.2	blaOXA	NA	3
beta-lactam	blaOXA	OXA-679 family carbapenem-hydrolyzing class D beta-lactamase	NF038333.1	blaOXA	NA	3
beta-lactam	blaOXA	OXA-727 family class D beta-lactamase	NF033666.1	blaOXA	NA	2
beta-lactam	blaOXA	OXA-732 family class D beta-lactamase	NF040805.1	blaOXA	NA	2
beta-lactam	blaOXA	OXA-837 family class D beta-lactamase	NF042983.1	blaOXA	NA	18
beta-lactam	blaOXA	OXA-85 family oxacillin-hydrolyzing class D beta-lactamase	NF000502.2	blaOXA	NA	10
beta-lactam	blaOXA	OXA-9 family oxacillin-hydrolyzing class D beta-lactamase	NF040532.1	blaOXA	NA	18
beta-lactam	blaOXA	OXA-919 family class D beta-lactamase	NF038183.1	blaOXA	NA	20
beta-lactam	blaOXY	OXY family extended-spectrum class A beta-lactamase	NF000271.2	blaOXY	NA	11
beta-lactam	blaP	class A beta-lactamase BlaP	NF012156.1	blaP	NA	51
beta-lactam	blaPAC	PAC family class C beta-lactamase	NF033159.0	blaPAC	NA	2
beta-lactam	blaPAD	PAD family carbapenem-hydrolyzing class A beta-lactamase	NF040472.1	blaPAD	NA	3
beta-lactam	blaPAM	PAM family subclass B3 metallo-beta-lactamase	NF040644.1	blaPAM	NA	12
beta-lactam	blaPAU	PAU family class A beta-lactamase	NF033867.1	blaPAU	NA	3
beta-lactam	blaPDC	PDC family class C beta-lactamase	NF000422.6	blaPDC	NA	214
beta-lactam	blaPDC	PDC variant family class C beta-lactamase	NF000519.2	blaPDC	NA	7
beta-lactam	blaPEDO	PEDO-1 family subclass B3 metallo-beta-lactamase	NF000457.2	blaB3PEDO	NA	6
beta-lactam	blaPEDO	PEDO-2 family subclass B3 metallo-beta-lactamase	NF000458.2	blaB3PEDO	NA	19
beta-lactam	blaPEDO	PEDO-3 family subclass B1 metallo-beta-lactamase	NF000453.2	blaB1PEDO	NA	19
beta-lactam	blaPEN	PEN family class A beta-lactamase, Bcc-type	NF000320.3	blaPEN-bcc	NA	653
beta-lactam	blaPEN	PEN family class A beta-lactamase, Bpc-type	NF000321.3	blaPEN-bpc	NA	58
beta-lactam	blaPEN	PEN-A family class A beta-lactamase	NF041143.1	blaPEN-A	NA	91
beta-lactam	blaPEN	PEN-B family class A beta-lactamase	NF041138.1	blaPEN-B	NA	133
beta-lactam	blaPEN	PEN-N family class A beta-lactamase	NF041253.1	blaPEN-N	NA	72
beta-lactam	blaPER	PER family extended-spectrum class A beta-lactamase	NF000389.2	blaPER	NA	23
beta-lactam	blaPFM	PFM family subclass B2 metallo-beta-lactamase	NF038003.2	blaPFM	NA	14
beta-lactam	blaPJM	PJM family subclass B3 metallo-beta-lactamase	NF040874.1	blaPJM	NA	4
beta-lactam	blaPLA	PLA family class A beta-lactamase	NF038398.1	blaPLA	NA	13
beta-lactam	blaPME	PME family extended-spectrum class A beta-lactamase	NF000414.2	blaPME	NA	4
beta-lactam	blaPNC	PNC family class C beta-lactamase	NF045671.1	blaPNC	NA	64
beta-lactam	blaPOM	POM family subclass B3 metallo-beta-lactamase	NF000438.2	blaPOM	NA	6
beta-lactam	blaPRC	PRC family class C beta-lactamase	NF038359.1	blaPRC	NA	36
beta-lactam	blaPSE	PSE family carbenicillin-hydrolyzing class A beta-lactamase	NF000480.2	blaPSE	NA	49
beta-lactam	blaPST	PST family subclass B1 metallo-beta-lactamase	NF033584.1	blaPST	NA	58
beta-lactam	blaPSV	PSV family class A beta-lactamase	NF033174.0	blaPSV	NA	18
beta-lactam	blaPSZ	PSZ family class C beta-lactamase	NF041665.1	blaPSZ	NA	42
beta-lactam	blaPYX	PYX family subclass B1 metallo-beta-lactamase	NF047975.1	blaPYX	NA	13
beta-lactam	blaRAA	RAA family extended-spectrum beta-lactamase	NF040467.1	blaRAA	NA	3
beta-lactam	blaRAD	RAD family carbapenem-hydrolyzing class D beta-lactamase	NF041187.1	blaRAD	NA	3
beta-lactam	blaRAHN	RAHN family extended-spectrum class A beta-lactamase	NF040934.1	blaRAHN	NA	37
beta-lactam	blaRASA	RASA family extended-spectrum class A beta-lactamase	NF040609.1	blaRASA	NA	2
beta-lactam	blaRATA	RATA family class A beta-lactamase	NF041445.1	blaRATA	NA	11
beta-lactam	blaRCP	RCP family class A beta-lactamase	NF033466.0	blaRCP	NA	10
beta-lactam	blaRHO	RHO family class C beta-lactamase	NF033575.1	blaRHO	NA	15
beta-lactam	blaROB	ROB family class A beta-lactamase	NF033568.1	blaROB	NA	17
beta-lactam	blaRTG	RTG family carbenicillin-hydrolyzing class A beta-lactamase	NF000284.1	blaRTG	NA	13
beta-lactam	blaRUB	RUB family broad-spectrum class A beta-lactamase	NF033204.1	blaRUB	NA	4
beta-lactam	blaSCO	SCO family class A beta-lactamase	NF000327.2	blaSCO	NA	7
beta-lactam	blaSED	SED family class A beta-lactamase	NF000328.3	blaSED	NA	7
beta-lactam	blaSFDC	SFDC family class C beta-lactamase	NF038366.1	blaSFDC	NA	76
beta-lactam	blaSGM	SGM family class A beta-lactamase	NF000512.2	blaSGM	NA	167
beta-lactam	blaSHV	SHV family class A beta-lactamase	NF000285.3	blaSHV	NA	401
beta-lactam	blaSHV	SHV/LEN/OKP family class A beta-lactamase	NF012143.0	blaSHV	NA	11
beta-lactam	blaSMB	SMB-1 family subclass B3 metallo-beta-lactamase	NF000287.1	blaSMB	NA	16
beta-lactam	blaSPI	SPI family subclass B1 metallo-beta-lactamase	NF047753.1	blaSPI	NA	6
beta-lactam	blaSPM	SPM family subclass B1 metallo-beta-lactamase	NF012150.3	blaSPM	NA	2
beta-lactam	blaSPR	SPR family subclass B3 metallo-beta-lactamase	NF041137.2	blaSPR	NA	123
beta-lactam	blaSRT	SRT/SST family class C beta-lactamase	NF000423.2	blaSRT	NA	246
beta-lactam	blaTEL	TEL family class A beta-lactamase	NF049886.1	blaTEL	NA	3
beta-lactam	blaTEM	TEM family class A beta-lactamase	NF000531.2	blaTEM	NA	400
beta-lactam	blaTER	TER family class A beta-lactamase	NF038400.1	blaTER	NA	35
beta-lactam	blaTHIN	THIN family subclass B3 metallo-beta-lactamase	NF000440.2	blaTHIN	NA	2
beta-lactam	blaTLA	TLA family extended-spectrum class A beta-lactamase	NF000298.2	blaTLA	NA	3
beta-lactam	blaTTU	TTU family subclass B1 metallo-beta-lactamase	NF033585.1	blaTTU	NA	7
beta-lactam	blaTUS	TUS family subclass B1 metallo-beta-lactamase	NF000442.2	blaTUS	NA	5
beta-lactam	blaVCC	VCC family carbapenem-hydrolyzing class A beta-lactamase	NF000518.2	blaVCC	NA	1
beta-lactam	blaVEB	VEB family extended-spectrum class A beta-lactamase	NF000390.2	blaVEB	NA	18
beta-lactam	blaVIM	VIM family subclass B1 metallo-beta-lactamase	NF012100.0	blaVIM	NA	15
beta-lactam	blaVMB	VMB family subclass B1 metallo-beta-lactamase	NF038184.1	blaVMB	NA	5
beta-lactam	blaWUS	WUS family subclass B1 metallo-beta-lactamase	NF040860.1	blaWUS	NA	2
beta-lactam	blaYEM	YEM family subclass B2 metallo-beta-lactamase	NF038166.1	blaYEM	NA	5
beta-lactam	blaYRC	YRC family class C beta-lactamase	NF038089.1	blaYRC	NA	11
beta-lactam	blaZ	mecC-type penicillin-hydrolyzing class A beta-lactamase BlaZ	NF033140.0	blaZ	NA	5
beta-lactam	blaZ	penicillin-hydrolyzing class A beta-lactamase BlaZ	NF033139.1	blaZ	NA	467
beta-lactam	cblA	CblA family class A beta-lactamase	NF033098.1	NA	NA	38
beta-lactam	cdiA	CdiA family class A beta-lactamase	NF049885.1	cdiA	NA	32
beta-lactam	cepA	CepA family extended-spectrum class A beta-lactamase	NF033102.1	NA	NA	25
beta-lactam	cfiA	CfiA family subclass B1 metallo-beta-lactamase	NF000322.2	cfiA	NA	9
beta-lactam	cfxA	CfxA family broad-spectrum class A beta-lactamase	NF033100.1	NA	NA	156
beta-lactam	cphA	CphA family subclass B2 metallo-beta-lactamase	NF000329.2	cphA	NA	838
beta-lactam	mec*	PBP2a family beta-lactam-resistant peptidoglycan transpeptidase	NF000237.1	mec	NA	3
beta-lactam	mecA	PBP2a family beta-lactam-resistant peptidoglycan transpeptidase MecA	NF000409.1	mecA	NA	278
beta-lactam	mecA	PBP2a family beta-lactam-resistant peptidoglycan transpeptidase MecA1	NF000410.1	mecA1	NA	139
beta-lactam	mecA	PBP2a family beta-lactam-resistant peptidoglycan transpeptidase MecA2	NF000408.1	mecA2	NA	5
beta-lactam	mecB	PBP2a family beta-lactam-resistant peptidoglycan transpeptidase MecB	NF000406.1	mecB	NA	13
beta-lactam	mecC	PBP2a family beta-lactam-resistant peptidoglycan transpeptidase MecC	NF000407.1	mecC	NA	4
beta-lactam	mecD	PBP2a family beta-lactam-resistant peptidoglycan transpeptidase MecD	NF033378.1	mecD	NA	2
beta-lactam	pbp2m	penicillin-binding protein PBP2M	NBR016714	pbp2m	NA	79
beta-lactam	varG	VarG family subclass B1-like metallo-beta-lactamase	NF033574.1	NA	NA	271
bleomycin	ble	bleomycin binding protein Ble-MBL	NF012202.0	ble	NA	69
bleomycin	blmA	BLMA family bleomycin binding protein	NF000028.1	ble	NA	2
bleomycin	blmA	BLMA family bleomycin binding protein	NF033156.1	ble	NA	1
bleomycin	blmB	bleomycin family antibiotic N-acetyltransferase BlmB	NF000483.1	blmB	NA	3
bleomycin	blmS	bleomycin binding protein	NF000027.1	bleO	NA	91
bleomycin	blmT	BLMT family bleomycin binding protein	NF000005.4	ble	NA	21
bleomycin	tlmA	phleomycin/bleomycin binding protein Ble-Sh	NF000489.1	ble-Sh	NA	5
bleomycin	zbmA	zorbamycin binding protein ZbmA	NF000479.1	zbmA	NA	3
colistin	almE	lipid A modification system glycine--protein ligase AlmE	NBR000499	almE	NA	373
colistin	almF	lipid A modification system glycine carrier protein AlmF	NBR000498	almF	NA	41
colistin	almG	glycine--lipid A transferase AlmG	NBR000175	almG	NA	223
colistin	arnA	bifunctional UDP-4-amino-4-deoxy-L-arabinose formyltransferase/UDP-glucuronic acid oxidase ArnA	NF005998.1	arnA	PRK08125	10415
colistin	arnB	UDP-4-amino-4-deoxy-L-arabinose aminotransferase	NF008658.2	arnB	PRK11658	7915
colistin	arnC	undecaprenyl-phosphate 4-deoxy-4-formamido-L-arabinose transferase	NF007986.1	arnC	PRK10714	5028
colistin	arnD	4-deoxy-4-formamido-L-arabinose-phosphoundecaprenol deformylase	NF011923.2	arnD	PRK15394	7140
colistin	arnE	4-amino-4-deoxy-L-arabinose-phosphoundecaprenol flippase subunit ArnE	NF011625.2	arnE	PRK15051	3750
colistin	arnF	4-amino-4-deoxy-L-arabinose-phosphoundecaprenol flippase subunit ArnF	NF002816.2	arnF	PRK02971	5350
colistin	arnT	lipid IV(A) 4-amino-4-deoxy-L-arabinosyltransferase	NF009784.2	arnT	PRK13279	13210
colistin	eptA	phosphoethanolamine transferase EptA	NF008619.0	eptA	PRK11598	7410
colistin	eptA	phosphoethanolamine--lipid A transferase EptA	NF007160.0	eptA	PRK09598	2958
colistin	eptB	kdo(2)-lipid A phosphoethanolamine 7''-transferase	NF008593.0	eptB	PRK11560	4942
colistin	eptC	lipid A/FlgG phosphoethanolamine transferase EptC	NBR007377	eptC	NA	362
colistin	lpxE	lipid A 1-phosphatase LpxE	NBR012013	lpxE	NA	355
colistin	lpxE	lipid A 1-phosphatase LpxE	NBR012014	lpxE	NA	118
colistin	lpxE	lipid A 1-phosphatase LpxE	NBR012015	lpxE	NA	14
colistin	lpxE	lipid A 1-phosphatase LpxE	NBR012016	lpxE	NA	57
colistin	lpxE	lipid A 1-phosphatase LpxE	NF007159.0	lpxE	PRK09597	1999
colistin	lpxF	lipid A 4'-phosphatase	NBR012617	lpxF	NA	38
colistin	lpxF	lipid A 4'-phosphatase	NBR012618	lpxF	NA	9
colistin	lpxF	lipid A 4'-phosphatase	NBR012655	lpxF	NA	655
colistin	lpxF	lipid A 4'-phosphatase LpxF	NF045633.1	lpxF	NA	48
colistin	lpxF	lipid A C4-phosphatase	NBR016735	lpxF	NA	16
colistin	mcr-1	MCR-1 family phosphoethanolamine--lipid A transferase	NF000465.1	NA	NA	48
colistin	mcr-10	MCR-10 family phosphoethanolamine--lipid A transferase	NF033862.2	NA	NA	11
colistin	mcr-2	MCR-2 family phosphoethanolamine--lipid A transferase	NF012159.0	NA	NA	1
colistin	mcr-3	MCR-3 family phosphoethanolamine--lipid A transferase	NF033408.5	mcr-3	NA	49
colistin	mcr-3	MCR-3-related phosphoethanolamine--lipid A transferase	NF033409.0	NA	NA	379
colistin	mcr-4	MCR-4 family phosphoethanolamine--lipid A transferase	NF033462.1	NA	NA	4
colistin	mcr-5	MCR-5 family phosphoethanolamine--lipid A transferase	NF033463.1	NA	NA	10
colistin	mcr-8	MCR-8 family phosphoethanolamine--lipid A transferase	NF033669.1	NA	NA	5
colistin	mcr-9	MCR-9 family phosphoethanolamine--lipid A transferase	NF033836.1	mcr-9	NA	25
daptomycin	drcA	daptomycin efflux ABC transporter ATP-binding protein DrcA	NBR017131	drcA	NA	19
daptomycin	drcB	daptomycin efflux ABC transporter permease DrcB	NBR017132	drcB	NA	17
defensin	dltA	D-alanine--poly(phosphoribitol) ligase subunit DltA	NF003417.0	dltA	PRK04813	1160
defensin	dltA	D-alanine--poly(phosphoribitol) ligase subunit DltA	TIGR01734.1	dltA	NA	9460
defensin	dltB	D-alanyl-lipoteichoic acid biosynthesis protein DltB	TIGR04091.1	dltB	NA	8334
defensin	dltB	PG:teichoic acid D-alanyltransferase DltB	NBR007633	dltB	NA	261
defensin	dltC	D-alanine--poly(phosphoribitol) ligase subunit 2	TIGR01688.1	dltC	NA	563
defensin	dltC	D-alanine--poly(phosphoribitol) ligase subunit DltC	NF003464.0	dltC	PRK05087	1990
defensin	dltD	D-alanyl-lipoteichoic acid biosynthesis protein DltD	TIGR04092.1	dltD	NA	10569
defensin	lysX	bifunctional lysylphosphatidylglycerol synthetase/lysine--tRNA ligase LysX	NF002821.0	lysX	PRK02983	10319
defensin	mprF	bifunctional lysylphosphatidylglycerol flippase/synthetase MprF	NF033480.1	mprF	NA	22673
defensin	pmtC	phenol-soluble modulin export ABC transporter ATP-binding protein PmtC	NF047568.1	pmtC	NA	802
defensin	pmtD	phenol-soluble modulin export ABC transporter permease subunit PmtD	NF047564.1	pmtD	NA	662
edeine	edeQ	edeine self-resistance N-acetyltransferase EdeQ	NBR007053	edeQ	NA	28
factumycin	facT	factumycin efflux MFS transporter FacT	NBR006372	facT	NA	8
fosfomycin	abaF	fosfomycin efflux MFS transporter AbaF	NBR009389	abaF	NA	913
fosfomycin	fomA	fosfomycin resistance kinase FomA	NF000338.1	fomA	NA	7
fosfomycin	fomB	FomB family phosphonate monophosphate kinase	NF000361.1	NA	NA	169
fosfomycin	fos*	Fos family putative thiol transferase	NF000125.1	NA	NA	14
fosfomycin	fos*	FosG/FosC2-related fosfomycin resistance glutathione transferase	NF000124.1	fos	NA	96
fosfomycin	fos*	fosfomycin resistance glutathione transferase	NF000496.2	fos	NA	2967
fosfomycin	fos*	fosfomycin resistance glutathione transferase FosLL	NF033405.1	fosLL	NA	63
fosfomycin	fosA	FosA family fosfomycin resistance glutathione transferase	NF000094.1	NA	NA	112
fosfomycin	fosA	FosA family fosfomycin resistance glutathione transferase	NF000221.4	NA	NA	383
fosfomycin	fosA	FosA family fosfomycin resistance glutathione transferase	NF000339.2	fos	NA	109
fosfomycin	fosA	FosA/FosA2 family fosfomycin resistance glutathione transferase	NF000026.1	fosA	NA	895
fosfomycin	fosA	FosA11 family fosfomycin resistance glutathione transferase	NBR017168	fosA11	NA	5
fosfomycin	fosA	FosA13 family fosfomycin resistance glutathione transferase	NF051469.1	fosA13	NA	52
fosfomycin	fosA	FosA3/FosA4 family fosfomycin resistance glutathione transferase	NF000075.1	fosA	NA	46
fosfomycin	fosA	FosA5 family fosfomycin resistance glutathione transferase	NF040540.1	fosA	NA	424
fosfomycin	fosA	FosA7 family fosfomycin resistance glutathione transferase	NF032892.0	NA	NA	73
fosfomycin	fosA	FosA8 family fosfomycin resistance glutathione transferase	NF033933.0	NA	NA	50
fosfomycin	fosA	fosfomycin resistance glutathione transferase FosA12	NF053877.1	fosA12	NA	24
fosfomycin	fosB	FosB family fosfomycin resistance bacillithiol transferase	NF000063.1	NA	NA	52
fosfomycin	fosB	FosB family fosfomycin resistance bacillithiol transferase	NF000098.1	fosB	NA	65
fosfomycin	fosB	FosB/FosD family fosfomycin resistance bacillithiol transferase	NF000493.1	fosB	NA	424
fosfomycin	fosB	FosB1/FosB3 family fosfomycin resistance bacillithiol transferase	NF000085.1	fosB	NA	14
fosfomycin	fosB	FosBx1 family fosfomycin resistance bacillithiol transferase	NF041541.1	fosB	NA	358
fosfomycin	fosB	metallothiol transferase FosB	NF003152.0	fosB	PRK04101	1575
fosfomycin	fosC	FosC2 family fosfomycin resistance glutathione transferase	NF000074.1	NA	NA	3
fosfomycin	fosF	fosfomycin resistance glutathione transferase FosF	NF000494.1	fosF	NA	3
fosfomycin	fosG	FosG family fosfomycin resistance glutathione transferase	NF000467.1	NA	NA	5
fosfomycin	fosI	fosfomycin resistance hydrolase FosI	NBR013809	fosI	NA	1
fosfomycin	fosK	fosfomycin resistance glutathione transferase FosK	NF000495.1	fosK	NA	2
fosfomycin	fosM	FosM family fosfomycin resistance protein	NF038306.1	fosM	NA	1277
fosfomycin	fosX	FosX/FosE/FosI family fosfomycin resistance hydrolase	NF000222.1	fosX	NA	1142
fosfomycin	fosX	fosfomycin resistance hydrolase FosX	NBR013810	fosX	NA	152
fosfomycin	fosX	fosfomycin resistance hydrolase FosXCC	NF041542.1	fosXCC	NA	3
fosfomycin	fosY	fosfomycin resistance bacillithiol transferase FosY	NF040802.1	fosY	NA	5
fosfomycin	fosZ	fosfomycin resistance glutathione transferase FosZ	NBR017817	fosZ	NA	4
fusidic_acid	fusB	FusB family fusidic acid resistance EF-G-binding protein	NF000340.1	NA	NA	8
fusidic_acid	fusC	FusC family fusidic acid resistance EF-G-binding protein	NF000341.1	NA	NA	16
fusidic_acid	fusD	FusD family fusidic acid resistance EF-G-binding protein	NF000460.1	NA	NA	16
fusidic_acid	fusF	fusidic acid resistance EF-G-binding protein FusF	NF000503.1	fusF	NA	21
fusidic_acid	fusH	fusidic acid esterase FusH	NF000157.1	fusH	NA	35
glycopeptide	vanA	D-alanine--(R)-lactate ligase	NF000206.1	vanA	NA	1193
glycopeptide	vanA	D-alanine--(R)-lactate ligase VanA	NF012217.1	vanA	NA	19
glycopeptide	vanA	D-alanine--(R)-lactate ligase VanA-Ao2	NF000092.1	vanA-Ao2	NA	54
glycopeptide	vanA	D-alanine--(R)-lactate ligase VanA-Sc	NF000129.1	vanA-Sc	NA	354
glycopeptide	vanB	D-alanine--(R)-lactate ligase VanB	NF012216.1	vanB	NA	33
glycopeptide	vanC	D-alanine--D-serine ligase	NF000207.3	vanC	NA	45
glycopeptide	vanC	D-alanine--D-serine ligase VanC	NF012214.1	vanC	NA	100
glycopeptide	vanC	D-alanine--D-serine ligase VanC1	NF012213.0	vanC1	NA	24
glycopeptide	vanD	D-alanine--(R)-lactate ligase VanD	NF012215.1	vanD	NA	20
glycopeptide	vanE	D-alanine--D-serine ligase VanE	NF000036.1	vanE	NA	5
glycopeptide	vanF	D-alanine--(R)-lactate ligase VanF	NF000144.1	vanF	NA	5
glycopeptide	vanG	D-alanine--D-serine ligase VanG	NF000091.3	vanG	NA	752
glycopeptide	vanH	D-lactate dehydrogenase VanH	NF000492.1	vanH	NA	506
glycopeptide	vanH	D-lactate dehydrogenase VanH-Ac1	NF000151.1	vanH-Ac1	NA	3
glycopeptide	vanH	D-lactate dehydrogenase VanH-D	NF000004.1	vanH-D	NA	20
glycopeptide	vanH	D-lactate dehydrogenase VanH-Sc	NF000128.1	vanH-Sc	NA	36
glycopeptide	vanH	VanH-A/VanH-Pt family D-lactate dehydrogenase	NF000371.1	vanH	NA	19
glycopeptide	vanH	VanH-AOV family D-lactate dehydrogenase	NF000112.1	vanH	NA	58
glycopeptide	vanI	D-alanine--(R)-lactate ligase VanI	NF000372.1	vanI	NA	14
glycopeptide	vanJ	teicoplanin resistance protein VanJ	NF000373.1	vanJ	NA	26
glycopeptide	vanK	peptidoglycan bridge formation peptidyltransferase VanK-I	NBR016126	vanK-I	NA	1
glycopeptide	vanM	D-alanine--(R)-lactate ligase VanM	NF000470.1	vanM	NA	4
glycopeptide	vanN	D-alanine--D-serine ligase VanN	NF000093.1	vanN	NA	7
glycopeptide	vanO	D-alanine--(R)-lactate ligase VanO	NF000374.1	vanO	NA	14
glycopeptide	vanP	putative D-alanine--(R)-lactate ligase VanP	NBR016122	vanP	NA	1
glycopeptide	vanT	membrane-bound serine racemase VanT	NF033132.1	vanT	NA	266
glycopeptide	vanT	serine racemase VanT catalytic subunit	NF033131.1	vanT	NA	860
glycopeptide	vanX	D-Ala-D-Ala dipeptidase VanX	NF033115.1	vanX	NA	1576
glycopeptide	vanXY	D,D-carboxypeptidase/D,D-dipeptidase VanXY	NF000380.1	vanXY	NA	96
glycopeptide	vanXY	D-Ala-D-Ala dipeptidase/D-Ala-D-Ala carboxypeptidase VanXY-G	NF000149.1	vanXY	NA	2
ionophore	narA	ionophore ABC transporter ATP-binding subunit NarA	NBR016135	narA	NA	40
ionophore	narB	ionophore ABC transporter permease subunit NarB	NBR016136	narB	NA	63
macrolide-lincosamide-streptogramin	car(A)	ABC-F type ribosomal protection protein Car(A)	NF000166.1	car(A)	NA	75
macrolide-lincosamide-streptogramin	chrB	23S rRNA (guanine(748)-N(1))-methyltransferase ChrB	NF000488.1	chrB	NA	3
macrolide-lincosamide-streptogramin	cplR	ABC-F type ribosomal protection protein CplR	NF043038.1	cplR	NA	577
macrolide-lincosamide-streptogramin	ere(A)	EreA family erythromycin esterase	NF000208.1	ere(A)	NA	10
macrolide-lincosamide-streptogramin	ere(B)	EreB family erythromycin esterase	NF000209.1	ere(B)	NA	3
macrolide-lincosamide-streptogramin	ere(D)	EreD family erythromycin esterase	NF000516.1	ere(D)	NA	18
macrolide-lincosamide-streptogramin	erm(37)	23S rRNA (adenine(2058)-N(6))-methyltransferase Erm(37)	NF000468.1	erm(37)	NA	32
macrolide-lincosamide-streptogramin	erm(38)	23S rRNA (adenine(2058)-N(6))-methyltransferase Erm(38)	NF012218.0	erm(38)	NA	9
macrolide-lincosamide-streptogramin	erm(41)	23S rRNA (adenine(2058)-N(6))-methyltransferase Erm(41)	NF000058.2	erm(41)	NA	21
macrolide-lincosamide-streptogramin	erm(42)	23S rRNA (adenine(2058)-N(6))-methyltransferase Erm(42)	NF000077.1	erm(42)	NA	35
macrolide-lincosamide-streptogramin	erm(43)	23S rRNA (adenine(2058)-N(6))-methyltransferase Erm(43)	NF000412.1	erm(43)	NA	6
macrolide-lincosamide-streptogramin	erm(45)	23S rRNA (adenine(2058)-N(6))-methyltransferase Erm(45)	NF000411.1	erm(45)	NA	2
macrolide-lincosamide-streptogramin	erm(46)	23S rRNA (adenine(2058)-N(6))-methyltransferase Erm(46)	NF042988.1	erm(46)	NA	23
macrolide-lincosamide-streptogramin	erm(52)	23S rRNA (adenine(2058)-N(6))-methyltransferase Erm(52)	NBR016119	erm(52)	NA	4
macrolide-lincosamide-streptogramin	erm(56)	23S rRNA (adenine(2058)-N(6))-methyltransferase Erm(56)	NBR016254	erm(56)	NA	3
macrolide-lincosamide-streptogramin	erm(A)	23S rRNA (adenine(2058)-N(6))-methyltransferase Erm(A)	NF012222.1	erm(A)	NA	130
macrolide-lincosamide-streptogramin	erm(B)	23S rRNA (adenine(2058)-N(6))-methyltransferase Erm(B)	NF012220.1	erm(B)	NA	533
macrolide-lincosamide-streptogramin	erm(C)	23S rRNA (adenine(2058)-N(6))-methyltransferase Erm(C)	NF012219.1	erm(C)	NA	150
macrolide-lincosamide-streptogramin	erm(F)	23S rRNA (adenine(2058)-N(6))-methyltransferase Erm(F)	NF012223.0	erm(F)	NA	135
macrolide-lincosamide-streptogramin	erm(G)	23S rRNA (adenine(2058)-N(6))-methyltransferase Erm(G)	NF045543.1	erm(G)	NA	43
macrolide-lincosamide-streptogramin	erm(N)	23S rRNA (adenine(2058)-N(6))-methyltransferase Erm(N)	NBR016671	erm(N)	NA	1
macrolide-lincosamide-streptogramin	erm(O)	23S rRNA (adenine(2058)-N(6))-methyltransferase Erm(O)	NF000087.1	erm(O)	NA	400
macrolide-lincosamide-streptogramin	erm(S)	23S rRNA (adenine(2058)-N(6))-methyltransferase Erm(S)	NF000024.1	erm(S)	NA	4
macrolide-lincosamide-streptogramin	erm(V)	23S rRNA (adenine(2058)-N(6))-methyltransferase Erm(V)	NF000047.1	erm(V)	NA	43
macrolide-lincosamide-streptogramin	erm*	23S ribosomal RNA methyltransferase Erm	NF000499.2	erm	NA	3286
macrolide-lincosamide-streptogramin	erm*	ErmE/ErmH/ErmO/ErmR family 23S rRNA (adenine(2058)-N(6))-methyltransferase	NF000337.1	erm	NA	2058
macrolide-lincosamide-streptogramin	estT	macrolide hydrolase EstT	NF041759.1	estT	NA	169
macrolide-lincosamide-streptogramin	estX	macrolide esterase EstX	NF033124.1	estX	NA	95
macrolide-lincosamide-streptogramin	lmr(A)	lincomycin efflux MFS transporter Lmr(A)	NF000031.1	lmr(A)	NA	25
macrolide-lincosamide-streptogramin	lmr(B)	lincomycin efflux MFS transporter Lmr(B)	NF000060.1	lmr(B)	NA	311
macrolide-lincosamide-streptogramin	lmr(C)	ABC-F type ribosomal protection protein LmrC	NBR009393	lmrC	NA	8
macrolide-lincosamide-streptogramin	lnu(A)	lincosamide nucleotidyltransferase Lnu(A)	NF000236.1	lnu(A)	NA	59
macrolide-lincosamide-streptogramin	lnu(A)	lincosamide nucleotidyltransferase Lnu(AN2)	NF000153.1	lnu(AN2)	NA	11
macrolide-lincosamide-streptogramin	lnu(B)	lincosamide nucleotidyltransferase Lnu(B)	NF000235.3	lnu(B)	NA	56
macrolide-lincosamide-streptogramin	lnu(C)	lincosamide nucleotidyltransferase Lnu(C)	NF000141.1	lnu(C)	NA	43
macrolide-lincosamide-streptogramin	lnu(D)	lincosamide nucleotidyltransferase Lnu(D)	NF000017.1	lnu(D)	NA	1
macrolide-lincosamide-streptogramin	lnu(F)	lincosamide nucleotidyltransferase Lnu(F)	NF000119.1	lnu(F)	NA	43
macrolide-lincosamide-streptogramin	lnu(G)	lincosamide nucleotidyltransferase Lnu(G)	NF033182.0	lnu(G)	NA	35
macrolide-lincosamide-streptogramin	lnu(H)	lincosamide nucleotidyltransferase Lnu(H)	NF040958.1	lnu(H)	NA	58
macrolide-lincosamide-streptogramin	lnu(I)	lincosamide nucleotidyltransferase Lnu(I)	NBR016563	lnu(I)	NA	29
macrolide-lincosamide-streptogramin	lsa(A)	ABC-F type ribosomal protection protein Lsa(A)	NBR011667	lsa(A)	NA	208
macrolide-lincosamide-streptogramin	lsa(B)	ABC-F type ribosomal protection protein Lsa(B)	NBR011668	lsa(B)	NA	2
macrolide-lincosamide-streptogramin	lsa(C)	ABC-F type ribosomal protection protein Lsa(C)	NBR011670	lsa(C)	NA	55
macrolide-lincosamide-streptogramin	lsa(D)	ABC-F type ribosomal protection protein Lsa(D)	NBR013523	lsa(D)	NA	71
macrolide-lincosamide-streptogramin	lsa(E)	ABC-F type ribosomal protection protein Lsa(E)	NBR011671	lsa(E)	NA	112
macrolide-lincosamide-streptogramin	lsa*	Lsa family ABC-F type ribosomal protection protein	NF000167.2	NA	NA	2692
macrolide-lincosamide-streptogramin	mef(A)	macrolide efflux MFS transporter Mef(A)	NF000245.1	mef(A)	NA	396
macrolide-lincosamide-streptogramin	mef(B)	macrolide efflux MFS transporter Mef(B)	NF000051.1	mef(B)	NA	14
macrolide-lincosamide-streptogramin	mef(C)	macrolide efflux MFS transporter Mef(C)	NF000246.1	mef(C)	NA	15
macrolide-lincosamide-streptogramin	mef(D)	macrolide efflux MFS transporter Mef(D)	NBR013515	mef(D)	NA	3
macrolide-lincosamide-streptogramin	mef(E)	macrolide efflux MFS transporter Mef(En2)	NF000154.1	mef(En2)	NA	36
macrolide-lincosamide-streptogramin	mef(F)	macrolide efflux MFS transporter Mef(F)	NBR013522	mef(F)	NA	8
macrolide-lincosamide-streptogramin	mef(H)	macrolide efflux MFS transporter Mef(H)	NBR015235	mef(H)	NA	13
macrolide-lincosamide-streptogramin	mgt	macrolide-inactivating glycosyltransferase	NF033129.1	mgt	NA	3551
macrolide-lincosamide-streptogramin	mle*	alpha/beta fold macrolide esterase	NF052610.1	mle	NA	963
macrolide-lincosamide-streptogramin	mleBCA	BCA family alpha/beta fold macrolide esterase	NF053684.1	mleBCA	NA	730
macrolide-lincosamide-streptogramin	mleBRB	BRB family alpha/beta fold macrolide esterase	NF053683.1	mleBRB	NA	49
macrolide-lincosamide-streptogramin	mleCBF	CBF family alpha/beta fold macrolide esterase	NF053693.1	mleCBF	NA	324
macrolide-lincosamide-streptogramin	mph(A)	Mph(A) family macrolide 2'-phosphotransferase	NF000254.1	NA	NA	204
macrolide-lincosamide-streptogramin	mph(B)	Mph(B) family macrolide 2'-phosphotransferase	NF000242.2	NA	NA	59
macrolide-lincosamide-streptogramin	mph(C)	Mph(C) family macrolide 2'-phosphotransferase	NF000240.1	NA	NA	201
macrolide-lincosamide-streptogramin	mph(E)	Mph(E) family macrolide 2'-phosphotransferase	NF012158.1	NA	NA	108
macrolide-lincosamide-streptogramin	mph(F)	Mph(F) family macrolide 2'-phosphotransferase	NF000255.1	NA	NA	5
macrolide-lincosamide-streptogramin	mph(I)	macrolide 2'-phosphotransferase MphI	NBR011662	mphI	NA	44
macrolide-lincosamide-streptogramin	mph(J)	macrolide 2'-phosphotransferase MphJ	NBR011663	mphJ	NA	51
macrolide-lincosamide-streptogramin	mph(K)	macrolide 2'-phosphotransferase MphK	NBR011661	mphK	NA	314
macrolide-lincosamide-streptogramin	mph(L)	macrolide 2'-phosphotransferase MphL	NF038057.1	mphL	NA	189
macrolide-lincosamide-streptogramin	mph(M)	macrolide 2'-phosphotransferase MphM	NF038056.1	mphM	NA	99
macrolide-lincosamide-streptogramin	mph(N)	macrolide 2'-phosphotransferase MphN	NBR011666	mphN	NA	16
macrolide-lincosamide-streptogramin	mph(O)	macrolide 2'-phosphotransferase MphO	NBR011665	mphO	NA	24
macrolide-lincosamide-streptogramin	mph*	Mph(E)/Mph(G) family macrolide 2'-phosphotransferase	NF000241.1	mph	NA	81
macrolide-lincosamide-streptogramin	mrx(A)	phosphorylated macrolide efflux MFS transporter Mrx(A)	NBR014692	mrx(A)	NA	256
macrolide-lincosamide-streptogramin	mrx(F)	macrolide resistance MFS transporter Mrx(F)	NBR014694	mrx(F)	NA	10
macrolide-lincosamide-streptogramin	msr(A)	ABC-F type ribosomal protection protein Msr(A)	NF000256.1	msr(A)	NA	138
macrolide-lincosamide-streptogramin	msr(C)	ABC-F type ribosomal protection protein Msr(C)	NBR013516	msr(C)	NA	173
macrolide-lincosamide-streptogramin	msr(D)	ABC-F type ribosomal protection protein Msr(D)	NBR013517	msr(D)	NA	212
macrolide-lincosamide-streptogramin	msr(E)	ABC-F type ribosomal protection protein Msr(E)	NBR013518	msr(E)	NA	131
macrolide-lincosamide-streptogramin	msr(F)	ABC-F type ribosomal protection protein Msr(F)	NBR013519	msr(F)	NA	6
macrolide-lincosamide-streptogramin	msr(G)	ABC-F type ribosomal protection protein Msr(G)	NBR013521	msr(G)	NA	16
macrolide-lincosamide-streptogramin	msr(H)	ABC-F type ribosomal protection protein Msr(H)	NBR013520	msr(H)	NA	1
macrolide-lincosamide-streptogramin	msr(I)	ABC-F type ribosomal protection protein Msr(I)	NBR015492	msr(I)	NA	8
macrolide-lincosamide-streptogramin	msr*	Msr family ABC-F type ribosomal protection protein	NF000168.2	NA	NA	931
macrolide-lincosamide-streptogramin	myrA	23S rRNA (guanine(748)-N(1))-methyltransferase MyrA	NF000476.1	myrA	NA	4
macrolide-lincosamide-streptogramin	ole(I)	OleI family self-immunity macrolide glycosyltransferase	NF000362.1	NA	NA	5
macrolide-lincosamide-streptogramin	rdmCL	spiramycin modification protein RdmCL	NBR017266	rdmCL	NA	11
macrolide-lincosamide-streptogramin	sal(A)	ABC-F type ribosomal protection protein Sal(A)	NBR015487	sal(A)	NA	122
macrolide-lincosamide-streptogramin	sal(B)	ABC-F type ribosomal protection protein Sal(B)	NBR015488	sal(B)	NA	29
macrolide-lincosamide-streptogramin	sal(C)	ABC-F type ribosomal protection protein Sal(C)	NBR015489	sal(C)	NA	7
macrolide-lincosamide-streptogramin	sal(D)	ABC-F type ribosomal protection protein Sal(D)	NBR015490	sal(D)	NA	13
macrolide-lincosamide-streptogramin	sal(E)	ABC-F type ribosomal protection protein Sal(E)	NBR015491	sal(E)	NA	5
macrolide-lincosamide-streptogramin	sal*	Sal family ABC-F type ribosomal protection protein	NF000169.2	sal	NA	281
macrolide-lincosamide-streptogramin	vat(C)	streptogramin A O-acetyltransferase Vat(C)	NF000097.1	vat(C)	NA	2
macrolide-lincosamide-streptogramin	vat(D)	streptogramin A O-acetyltransferase Vat(D)	NF000111.1	vat(D)	NA	8
macrolide-lincosamide-streptogramin	vat(E)	streptogramin A O-acetyltransferase Vat(E)	NF000020.1	vat(E)	NA	11
macrolide-lincosamide-streptogramin	vat(F)	streptogramin A O-acetyltransferase Vat(F)	NF000147.1	vat(F)	NA	62
macrolide-lincosamide-streptogramin	vat(I)	streptogramin A O-acetyltransferase Vat(I)	NF033468.1	vat(I)	NA	78
macrolide-lincosamide-streptogramin	vat*	Vat family streptogramin A O-acetyltransferase	NF000311.1	NA	NA	4500
macrolide-lincosamide-streptogramin	vga(F)	ABC-F type ribosomal protection protein Vga(F)	NF045691.1	vga(F)	NA	248
macrolide-lincosamide-streptogramin	vga*	Vga family ABC-F type ribosomal protection protein	NF000170.2	NA	NA	974
macrolide-lincosamide-streptogramin	vmlR	ABC-F type ribosomal protection protein VmlR	NBR007204	vmlR	NA	322
multidrug	aadT	multidrug efflux MFS transporter AadT	NBR017356	aadT	NA	27
multidrug	abeM	multidrug efflux MATE transporter AbeM	NBR006000	abeM	NA	330
multidrug	abeS	multidrug efflux SMR transporter AbeS	NBR013508	abeS	NA	107
multidrug	abuO	multidrug efflux outer membrane protein AbuO	NF052390.1	abuO	NA	1255
multidrug	acrA	efflux RND transporter adaptor subunit AcrA	NBR011687	acrA	NA	51
multidrug	acrA	multidrug efflux RND transporter periplasmic adaptor subunit AcrA	NBR017025	acrA	NA	454
multidrug	acrA	multidrug efflux RND transporter periplasmic adaptor subunit AcrA	NF011604.1	acrA	PRK15030	1678
multidrug	acrB	efflux RND transporter permease AcrB	NBR011128	acrB	NA	1495
multidrug	acrB	efflux RND transporter permease AcrB	NBR011688	acrB	NA	124
multidrug	acrB	multidrug efflux RND transporter permease subunit AcrB	NBR017004	acrB	NA	638
multidrug	acrB	multidrug efflux RND transporter permease subunit AcrB	NF011706.2	acrB	PRK15127	1618
multidrug	acrD	multidrug efflux RND transporter permease AcrD	NF007842.1	acrD	PRK10555	7799
multidrug	acrE	multidrug efflux RND transporter periplasmic adaptor subunit AcrE	NBR006456	acrE	NA	953
multidrug	acrF	multidrug efflux RND transporter permease subunit AcrF	NBR006454	acrF	NA	2419
multidrug	adeA	multidrug efflux RND transporter periplasmic adaptor subunit AdeA	NBR005909	adeA	NA	309
multidrug	adeB	multidrug efflux RND transporter permease subunit AdeB	NBR005908	adeB	NA	580
multidrug	adeC	multidrug efflux RND transporter AdeABC outer membrane channel subunit AdeC	NF033142.1	adeC	NA	100
multidrug	adeC	multidrug efflux RND transporter outer membrane channel subunit AdeC	NBR005907	adeC	NA	118
multidrug	adeD	multidrug efflux RND transporter periplasmic adaptor subunit AdeD	NBR006457	adeD	NA	226
multidrug	adeE	multidrug efflux RND transporter permease subunit AdeE	NBR006458	adeE	NA	340
multidrug	adeF	multidrug efflux RND transporter periplasmic adaptor subunit AdeF	NBR006459	adeF	NA	569
multidrug	adeG	multidrug efflux RND transporter permease subunit AdeG	NBR006460	adeG	NA	771
multidrug	adeH	multidrug efflux RND transporter outer membrane subunit AdeH	NBR006461	adeH	NA	361
multidrug	adeI	multidrug efflux RND transporter periplasmic adaptor subunit AdeI	NBR006462	adeI	NA	207
multidrug	adeJ	multidrug efflux RND transporter permease subunit AdeJ	NBR006465	adeJ	NA	613
multidrug	adeK	multidrug efflux RND transporter AdeIJK outer membrane channel subunit AdeK	NF033143.1	adeK	NA	621
multidrug	adeK	multidrug efflux RND transporter outer membrane channel subunit AdeK	NBR006463	adeK	NA	186
multidrug	ainX	multidrug efflux RND transporter periplasmic adaptor subunit AxyX	NBR001136	axyX	NA	28
multidrug	ainY	multidrug efflux RND transporter permease subunit AxyY	NBR001135	axyY	NA	101
multidrug	ainZ	multidrug efflux RND transporter outer membrane subunit OprZ	NBR006492	oprZ	NA	173
multidrug	amvA	multidrug efflux MFS transporter AmvA	NBR009392	amvA	NA	761
multidrug	bcr	multidrug efflux MFS transporter Bcr	NBR008105	bcr	NA	772
multidrug	bepC	multidrug efflux RND transporter outer membrane subunit BepC	NBR006550	bepC	NA	52
multidrug	bepD	multidrug efflux RND transporter periplasmic adaptor subunit BepD	NBR006452	bepD	NA	45
multidrug	bepE	multidrug efflux RND transporter permease subunit BepE	NBR006119	bepE	NA	97
multidrug	bepF	multidrug efflux RND transporter periplasmic adaptor subunit BepF	NBR006453	bepF	NA	40
multidrug	bepG	multidrug efflux RND transporter permease subunit BepG	NBR006118	bepG	NA	56
multidrug	bexA	multidrug efflux MATE transporter BexA	NBR006001	bexA	NA	165
multidrug	bmr1	multidrug efflux MFS transporter Bmr	NBR006668	bmr	NA	144
multidrug	bmr2	multidrug efflux MFS transporter Blt	NBR006669	blt	NA	172
multidrug	bmr3	multidrug efflux MFS transporter Bmr3	NBR013885	bmr3	NA	222
multidrug	bmrA	multidrug resistance ABC transporter ATP-binding protein/permease BmrA	NBR009245	bmrA	NA	251
multidrug	bmrC	multidrug ABC transporter ATP-binding protein BmrC	NBR009479	bmrC	NA	960
multidrug	bmrD	multidrug resistance ABC transporter ATP-binding protein/permease BmrD	NBR009236	bmrD	NA	880
multidrug	bpeA	efflux RND transporter periplasmic adaptor BpeA	NBR011949	bpeA	NA	36
multidrug	bpeB	efflux RND transporter permease BpeB	NBR011950	bpeB	NA	242
multidrug	bpeE	multidrug efflux RND transporter periplasmic adaptor subunit CeoA	NBR006502	ceoA	NA	250
multidrug	bpeF	multidrug efflux RND transporter permease subunit CeoB	NBR006503	ceoB	NA	381
multidrug	cdeA	multidrug efflux MATE transporter CdeA	NBR005999	cdeA	NA	58
multidrug	cme	multidrug efflux MFS transporter Cme	NBR006475	cme	NA	48
multidrug	cmeA	multidrug efflux RND transporter periplasmic adaptor subunit CmeA	NBR006505	cmeA	NA	273
multidrug	cmeB	multidrug efflux RND transporter permease subunit CmeB	NBR006506	cmeB	NA	828
multidrug	cmeB	multidrug efflux RND transporter permease subunit CmeB, ciprofloxacin and florfenicol resistance type	NBR016574	cmeB	NA	111
multidrug	cmeC	multidrug efflux transporter outer membrane subunit CmeC	NBR006507	cmeC	NA	454
multidrug	cmeD	multidrug efflux RND transporter outer membrane subunit CmeD	NBR006332	cmeD	NA	360
multidrug	cmeE	multidrug efflux RND transporter periplasmic adaptor subunit CmeE	NBR006331	cmeE	NA	187
multidrug	cmeF	multidrug efflux RND transporter permease subunit CmeF	NBR006330	cmeF	NA	604
multidrug	cmr	multidrug efflux MFS transporter Cmr	NBR007063	cmr	NA	18
multidrug	craA	chloramphenicol efflux MFS transporter CraA	NF052292.1	craA	NA	1437
multidrug	eefA	multidrug efflux RND transporter periplasmic adaptor subunit EefA	NBR006609	eefA	NA	585
multidrug	eefB	multidrug efflux RND transporter permease subunit EefB	NBR006610	eefB	NA	1352
multidrug	eefC	multidrug efflux RND transporter outer membrane subunit EefC	NBR006611	eefC	NA	692
multidrug	efmA	multidrug efflux MFS transporter EfmA	NBR006707	efmA	NA	121
multidrug	efrA	multidrug efflux ABC transporter subunit EfrA	NBR006704	efrA	NA	290
multidrug	efrB	multidrug efflux ABC transporter subunit EfrB	NBR006705	efrB	NA	380
multidrug	efrC	multidrug ABC transporter ATP-binding protein/permease ErfC	NBR014477	erfC	NA	139
multidrug	efrD	multidrug ABC transporter ATP-binding protein/permease ErfD	NBR014478	erfD	NA	113
multidrug	emeA	multidrug efflux MFS transporter EmeA	NBR006670	emeA	NA	93
multidrug	emhA	efflux RND transporter periplasmic adaptor subunit EmhA	NBR006500	emhA	NA	426
multidrug	emhB	efflux RND transporter permease subunit EmhB	NBR006494	emhB	NA	823
multidrug	emhC	efflux RND transporter outer membrane subunit EmhC	NBR006499	emhC	NA	612
multidrug	emmdR	multidrug efflux MATE transporter EmmdR	NBR006666	emmdR	NA	615
multidrug	emrA	multidrug efflux MFS transporter periplasmic adaptor subunit EmrA	NBR006365	emrA	NA	652
multidrug	emrA	multidrug efflux MFS transporter periplasmic adaptor subunit EmrA	NBR006604	emrA	NA	233
multidrug	emrA	multidrug efflux MFS transporter periplasmic adaptor subunit EmrA	NF011715.0	emrA	PRK15136	2968
multidrug	emrB	multidrug efflux MFS transporter permease subunit EmrB	NBR006366	emrB	NA	1095
multidrug	emrB	multidrug efflux MFS transporter permease subunit EmrB	NBR006603	emrB	NA	200
multidrug	emrB	multidrug efflux MFS transporter permease subunit EmrB	NF000391.1	emrB	NA	2210
multidrug	emrC	multidrug efflux transporter outer membrane subunit EmrC	NBR006605	emrC	NA	388
multidrug	emrC	multidrug efflux transporter outer membrane subunit EmrC	NBR012193	emrC	NA	17
multidrug	emrD	multidrug efflux MFS transporter EmrD	NBR006367	emrD	NA	1368
multidrug	emrD	multidrug efflux MFS transporter EmrD	NF008654.0	emrD	PRK11652	4756
multidrug	emrD	multidrug efflux MFS transporter EmrD-3	NBR008452	emrD3	NA	61
multidrug	emrE	EmrE family multidrug efflux SMR transporter	NF007087.1	NA	PRK09541	223
multidrug	emrE	multidrug efflux SMR transporter EmrE	NF042984.1	emrE	NA	248
multidrug	etsA	macrolide efflux RND transporter periplasmic adaptor subunit EtsA	NBR017364	etsA	NA	776
multidrug	etsC	macrolide efflux RND transporter outer membrane subunit EtsC	NBR017365	etsC	NA	948
multidrug	fepA	multidrug efflux MATE transporter FepA	NF000217.1	fepA	NA	156
multidrug	fsr	fosmidomycin MFS transporter	NBR011163	fsr	NA	958
multidrug	ftlC	TolC family protein FtlC	NBR011908	ftlC	NA	15
multidrug	hasF	multidrug efflux transporter outer membrane subunit HasF	NBR006675	hasF	NA	88
multidrug	hefA	efflux RND transporter outer membrane subunit HefA	NBR008239	hefA	NA	1808
multidrug	hefB	efflux RND transporter periplasmic adaptor subunit HefB	NBR008273	hefB	NA	920
multidrug	hefC	efflux RND transporter permease subunit HefC	NBR008240	hefC	NA	2033
multidrug	hmrM	sodium-coupled multidrug efflux MATE transporter HmrM	NBR006325	hmrM	NA	152
multidrug	jefA	multidrug efflux pump JefA	NBR011520	jefA	NA	86
multidrug	kdeA	multidrug efflux MFS transporter KdeA	NBR006511	kdeA	NA	442
multidrug	kexD	multidrug efflux RND transporter permease subunit KexD	NBR006117	kexD	NA	876
multidrug	kpnE	multidrug efflux SMR transporter subunit KpnE	NBR006348	kpnE	NA	202
multidrug	kpnF	multidrug efflux SMR transporter subunit KpnF	NBR006349	kpnF	NA	172
multidrug	lde	multidrug efflux MFS transporter Lde	NBR007178	lde	NA	161
multidrug	lfrA	efflux MFS transporter LfrA	NF033896.2	lfrA	NA	224
multidrug	lmrA	multidrug efflux ABC transporter LmrA	NBR006696	lmrA	NA	105
multidrug	lmrC	multidrug efflux ABC transporter LmrCD subunit C	NBR006697	lmrC	NA	76
multidrug	lmrD	multidrug efflux ABC transporter LmrCD subunit D	NBR006698	lmrD	NA	75
multidrug	lmrP	multidrug efflux MFS transporter LmrP	NBR006695	lmrP	NA	70
multidrug	lmrS	multidrug efflux MFS transporter LmrS	NBR006083	lmrS	NA	510
multidrug	lpeA	multidrug efflux RND transporter periplasmic adaptor subunit LpeA	NBR013510	lpeA	NA	10
multidrug	lpeB	multidrug efflux RND transporter permease subunit LpeB	NBR013509	lpeB	NA	32
multidrug	macA	MacA family efflux pump subunit	NF000344.1	NA	NA	1410
multidrug	macA	macrolide transporter subunit MacA	NF008606.0	macA	PRK11578	5919
multidrug	macB	MacB family efflux pump subunit	NF000345.1	NA	NA	20580
multidrug	macB	macrolide ABC transporter ATP-binding protein/permease MacB	NF007826.0	macB	PRK10535	6200
multidrug	mdeA	multidrug efflux MFS transporter MdeA	NBR007066	mdeA	NA	465
multidrug	mdeA	multidrug efflux MFS transporter MdeA	NBR007067	mdeA	NA	79
multidrug	mdfA	MdfA family multidrug efflux MFS transporter	NF011931.1	NA	PRK15402	287
multidrug	mdfA	multidrug efflux MFS transporter MdfA	NBR006510	mdfA	NA	988
multidrug	mdrP	multidrug efflux MFS transporter MdrP	NBR012779	mdrP	NA	13
multidrug	mdsA	multidrug efflux RND transporter periplasmic adaptor subunit MdsA	NBR006677	mdsA	NA	358
multidrug	mdsB	multidrug efflux RND transporter permease subunit MdsB	NBR006678	mdsB	NA	567
multidrug	mdsC	multidrug efflux transporter outer membrane subunit MdsC	NBR006679	mdsC	NA	466
multidrug	mdt	Rv1877 family multidrug efflux MFS transporter	NBR016327	mdt	NA	133
multidrug	mdt(A)	multidrug efflux MFS transporter Mdt(A)	NBR006676	mdt(A)	NA	66
multidrug	mdt(P)	multidrug efflux MFS transporter MdtP	NBR013886	mdtP	NA	155
multidrug	mdtA	multidrug efflux RND transporter subunit MdtA	NBR006343	mdtA	NA	2010
multidrug	mdtB	multidrug efflux RND transporter permease subunit MdtB	NBR006344	mdtB	NA	3662
multidrug	mdtC	multidrug efflux RND transporter permease subunit MdtC	NBR006345	mdtC	NA	3597
multidrug	mdtC	multidrug efflux RND transporter permease subunit MdtC	NF007905.0	mdtC	PRK10614	7367
multidrug	mdtE	multidrug transporter subunit MdtE	NF007362.0	mdtE	PRK09859	763
multidrug	mdtF	multidrug efflux pump RND permease MdtF	NBR011029	mdtF	NA	1601
multidrug	mdtG	multidrug efflux MFS transporter MdtG	NF007372.0	mdtG	PRK09874	4253
multidrug	mdtH	multidrug efflux MFS transporter MdtH	NF008650.1	mdtH	PRK11646	4895
multidrug	mdtI	multidrug/spermidine efflux SMR transporter subunit MdtI	NBR008223	mdtI	NA	235
multidrug	mdtI	multidrug/spermidine efflux SMR transporter subunit MdtI	NF007934.1	mdtI	PRK10650	1763
multidrug	mdtJ	multidrug/spermidine efflux SMR transporter subunit MdtJ	NF007767.1	mdtJ	PRK10452	1982
multidrug	mdtK	MdtK family multidrug efflux MATE transporter	NBR000789	mdtK	NA	1669
multidrug	mdtK	multidrug efflux MATE transporter MdtK	NBR006326	mdtK	NA	986
multidrug	mdtL	MdtL family multidrug efflux MFS transporter	NF007782.0	NA	PRK10473	1009
multidrug	mdtL	multidrug efflux MFS transporter MdtL	NBR006445	mdtL	NA	1038
multidrug	mdtM	multidrug efflux MFS transporter MdtM	NF011932.2	mdtM	PRK15403	3010
multidrug	mdtN	multidrug efflux transporter periplasmic adaptor subunit MdtN	NBR006700	mdtN	NA	1078
multidrug	mdtN	multidrug transporter subunit MdtN	NF007785.0	mdtN	PRK10476	3657
multidrug	mdtO	multidrug efflux transporter permease subunit MdtO	NBR006701	mdtO	NA	2153
multidrug	mdtO	multidrug efflux transporter permease subunit MdtO	NF008510.0	mdtO	PRK11427	1946
multidrug	mdtP	MdtP family multidrug efflux transporter outer membrane subunit	NF007390.0	NA	PRK09915	1964
multidrug	mdtP	multidrug efflux transporter outer membrane subunit MdtP	NBR006699	mdtP	NA	1458
multidrug	mdtQ	multidrug resistance outer membrane protein MdtQ	NF008524.1	mdtQ	PRK11459	5201
multidrug	mepA	multidrug efflux MATE transporter MepA	NF000131.1	mepA	NA	503
multidrug	mexA	multidrug efflux RND transporter periplasmic adaptor subunit MexA	NF033834.1	mexA	NA	291
multidrug	mexB	multidrug efflux RND transporter permease subunit MexB	NBR005906	mexB	NA	369
multidrug	mexC	MexC family multidrug efflux RND transporter periplasmic adaptor subunit	NF033138.2	NA	NA	470
multidrug	mexC	multidrug efflux RND transporter periplasmic adaptor subunit MexC	NBR006469	mexC	NA	296
multidrug	mexD	multidrug efflux RND transporter permease subunit MexD	NBR006467	mexD	NA	511
multidrug	mexE	multidrug efflux RND transporter periplasmic adaptor subunit MexE	NBR006435	mexE	NA	219
multidrug	mexE	multidrug efflux RND transporter periplasmic adaptor subunit MexE	NF045904.1	mexE	NA	2745
multidrug	mexF	multidrug efflux RND transporter permease subunit MexF	NBR006434	mexF	NA	357
multidrug	mexH	MexH family multidrug efflux RND transporter periplasmic adaptor subunit	NF000250.1	NA	NA	14
multidrug	mexH	multidrug efflux RND transporter periplasmic adaptor MexH	NBR013230	mexH	NA	277
multidrug	mexI	multidrug efflux RND transporter permease MexI	NBR013231	mexI	NA	347
multidrug	mexJ	multidrug efflux RND transporter periplasmic adaptor subunit MexJ	NBR006709	mexJ	NA	206
multidrug	mexK	multidrug efflux RND transporter permease subunit MexK	NBR006710	mexK	NA	379
multidrug	mexM	multidrug efflux RND transporter periplasmic adaptor subunit MexM	NBR006473	mexM	NA	291
multidrug	mexN	multidrug efflux RND transporter permease subunit MexN	NBR006474	mexN	NA	481
multidrug	mexP	multidrug efflux RND transporter periplasmic adaptor subunit MexP	NBR006471	mexP	NA	219
multidrug	mexQ	multidrug efflux RND transporter permease subunit MexQ	NBR006472	mexQ	NA	567
multidrug	mexV	multidrug efflux RND transporter periplasmic adaptor subunit MexV	NBR006476	mexV	NA	224
multidrug	mexW	multidrug efflux RND transporter permease subunit MexW	NBR006477	mexW	NA	401
multidrug	mexX	multidrug efflux RND transporter periplasmic adaptor subunit MexX	NBR006687	mexX	NA	317
multidrug	mexY	multidrug efflux RND transporter permease subunit MexY	NBR006686	mexY	NA	862
multidrug	mmp	MATE family efflux transporter Mmp	NBR012039	mmp	NA	4
multidrug	mmr	multidrug efflux SMR transporter Mmr	NBR008237	mmr	NA	18
multidrug	mtrC	multidrug efflux RND transporter periplasmic adaptor subunit MtrC	NBR006684	mtrC	NA	243
multidrug	mtrD	multidrug efflux RND transporter permease subunit MtrD	NBR006685	mtrD	NA	332
multidrug	mtrE	multidrug efflux transporter outer membrane subunit MtrE	NBR006680	mtrE	NA	241
multidrug	muxA	multidrug efflux RND transporter periplasmic adaptor subunit MuxA	NBR006339	muxA	NA	266
multidrug	muxB	multidrug efflux RND transporter permease subunit MuxB	NBR006340	muxB	NA	378
multidrug	muxC	multidrug efflux RND transporter permease subunit MuxC	NBR006341	muxC	NA	397
multidrug	nms	multidrug efflux MFS transporter Nms	NBR017106	nms	NA	4
multidrug	norA	multidrug efflux MFS transporter NorA	NF000352.1	norA	NA	1565
multidrug	norB	multidrug efflux MFS transporter NorB	NBR006671	norB	NA	430
multidrug	norC	multidrug efflux MFS transporter NorC	NBR015185	norC	NA	485
multidrug	norM	multidrug efflux MATE transporter NorM	NBR016670	norM	NA	379
multidrug	norM	multidrug efflux MATE transporter NorM	NF000263.1	norM	NA	204
multidrug	opmB	multidrug efflux RND transporter outer membrane subunit OpmB	NBR006342	opmB	NA	263
multidrug	opmD	multidrug efflux transporter outer membrane subunit OpmD	NBR007069	opmD	NA	368
multidrug	opmE	multidrug efflux transporter outer membrane subunit OpmE	NBR006470	opmE	NA	418
multidrug	oprA	multidrug efflux transporter outer membrane subunit OprA	NBR016132	oprA	NA	22
multidrug	oprB	efflux RND transporter outer membrane subunit OprB	NBR011951	oprB	NA	133
multidrug	oprC	multidrug efflux transporter outer membrane subunit OpcM	NBR006501	opcM	NA	628
multidrug	oprJ	multidrug efflux transporter outer membrane subunit OprJ	NBR006468	oprJ	NA	321
multidrug	oprM	multidrug efflux RND transporter outer membrane channel subunit OprM	NBR005905	oprM	NA	188
multidrug	oprN	multidrug efflux RND transporter outer membrane subunit OprN	NBR006432	oprN	NA	350
multidrug	oqxA	multidrug efflux RND transporter periplasmic adaptor subunit OqxA	NF000272.2	oqxA	NA	1511
multidrug	oqxB	multidrug efflux RND transporter permease subunit OqxB	NF000037.1	oqxB	NA	2759
multidrug	patA	multidrug efflux ABC transporter subunit PatA	NBR006702	patA	NA	693
multidrug	patB	multidrug efflux ABC transporter subunit PatB	NBR006703	patB	NA	508
multidrug	pdrM	sodium-coupled multidrug efflux MATE transporter PdrM	NBR006333	pdrM	NA	537
multidrug	pmpM	proton-coupled multidrug efflux MATE transporter PmpM	NBR005742	pmpM	NA	249
multidrug	pmrA	multidrug efflux MFS transporter PmrA	NBR017676	pmrA	NA	656
multidrug	sdeA	multidrug efflux RND transporter periplasmic adaptor subunit SdeA	NBR006121	sdeA	NA	229
multidrug	sdeB	multidrug efflux RND transporter permease subunit SdeB	NBR006120	sdeB	NA	448
multidrug	sdeX	multidrug efflux RND transporter periplasmic adaptor subunit SdeX	NBR006431	sdeX	NA	148
multidrug	sdeY	multidrug efflux RND transporter permease subunit SdeY	NBR006430	sdeY	NA	185
multidrug	sdrM	multidrug efflux MFS transporter SdrM	NF040895.2	sdrM	NA	1407
multidrug	silC	TolC family protein SilC	NBR011909	silC	NA	14
multidrug	smdA	SmdA family multidrug ABC transporter permease/ATP-binding protein	NF008055.0	NA	PRK10789	6363
multidrug	smdA	multidrug efflux ABC transporter permease/ATP-binding subunit SmdA	NBR006374	smdA	NA	222
multidrug	smdB	SmdB family multidrug efflux ABC transporter permease/ATP-binding protein	NF008056.1	NA	PRK10790	6473
multidrug	smdB	multidrug efflux ABC transporter permease/ATP-binding subunit SmdB	NBR006373	smdB	NA	232
multidrug	smeA	multidrug efflux RND transporter periplasmic adaptor subunit SmeA	NBR006489	smeA	NA	286
multidrug	smeB	multidrug efflux RND transporter permease subunit SmeB	NBR006490	smeB	NA	392
multidrug	smeC	multidrug efflux transporter outer membrane subunit SmeC	NBR006491	smeC	NA	375
multidrug	smeD	multidrug efflux RND transporter periplasmic adaptor subunit SmeD	NBR006419	smeD	NA	393
multidrug	smeE	multidrug efflux RND transporter permease subunit SmeE	NBR006420	smeE	NA	505
multidrug	smeF	multidrug efflux RND transporter outer membrane subunit SmeF	NBR006421	smeF	NA	383
multidrug	smfY	multidrug efflux MFS transporter SmfY	NBR006002	smfY	NA	256
multidrug	smrA	multidrug efflux ABC transporter SmrA	NBR006393	smrA	NA	504
multidrug	ssmE	multidrug efflux SMR transporter SsmE	NBR006429	ssmE	NA	48
multidrug	stp	multidrug resistance protein Stp	NBR010640	stp	NA	53
multidrug	sxtP	multidrug efflux MFS transporter SxtP	NBR016876	sxtP	NA	796
multidrug	tap	multidrug efflux MFS transporter Tap	NF052575.1	tap	NA	735
multidrug	tbtA	multidrug efflux RND transporter periplasmic adaptor subunit TbtA	NBR008263	tbtA	NA	5
multidrug	tbtB	multidrug efflux RND transporter permease subunit TbtB	NBR008264	tbtB	NA	21
multidrug	tbtM	multidrug efflux RND transporter outer membrane channel subunit TbtM	NBR008265	tbtM	NA	9
multidrug	tmexC	multidrug efflux RND transporter periplasmic adaptor subunit TMexC	NBR014289	tmexC	NA	48
multidrug	tmexD	multidrug efflux RND transporter permease subunit TMexD	NBR014290	tmexD	NA	79
multidrug	tolC	outer membrane channel protein TolC	NBR011905	tolC	NA	16
multidrug	tolC	outer membrane channel protein TolC	NBR014129	tolC	NA	55
multidrug	tolC	outer membrane channel protein TolC	NF007002.0	tolC	PRK09465	7068
multidrug	toprJ	multidrug efflux transporter outer membrane subunit TOprJ	NBR014291	toprJ	NA	39
multidrug	ttgA	toluene efflux RND transporter periplasmic adaptor subunit TtgA	NBR008249	ttgA	NA	190
multidrug	ttgB	multidrug efflux RND transporter permease subunit TtgB	NBR008250	ttgB	NA	351
multidrug	vcaM	multidrug efflux ABC transporter VcaM	NBR006392	vcaM	NA	227
multidrug	vceA	multidrug efflux MFS transporter adaptor subunit VceA	NBR006099	vceA	NA	131
multidrug	vceB	multidrug efflux MFS transporter permease subunit VceB	NBR006097	vceB	NA	177
multidrug	vceC	multidrug efflux MFS transporter outer membrane subunit VceC	NBR006098	vceC	NA	173
multidrug	vcmA	sodium-coupled multidrug efflux MATE transporter VcmA	NBR006004	vcmA	NA	135
multidrug	vcrM	sodium-coupled multidrug efflux MATE transporter VcrM	NBR006003	vcrM	NA	179
multidrug	vexA	multidrug efflux RND transporter periplasmic adaptor subunit VexA	NBR006336	vexA	NA	72
multidrug	vexB	multidrug efflux RND transporter permease subunit VexB	NBR006335	vexB	NA	154
multidrug	vexE	multidrug efflux RND transporter periplasmic adaptor subunit VexE	NBR006437	vexE	NA	186
multidrug	vexF	multidrug efflux RND transporter permease subunit VexF	NBR006438	vexF	NA	316
multidrug	vexG	vibriobactin export RND transporter periplasmic adaptor subunit VexG	NBR007476	vexG	NA	152
multidrug	vexH	vibriobactin export RND transporter permease subunit VexH	NBR007458	vexH	NA	1117
multidrug	vexK	efflux RND transporter permease subunit VexK	NBR006338	vexK	NA	314
multidrug	vmeA	multidrug efflux RND transporter periplasmic adaptor subunit VmeA	NBR006375	vmeA	NA	178
multidrug	vmeB	multidrug efflux RND transporter permease subunit VmeB	NBR006376	vmeB	NA	350
multidrug	vmeC	multidrug efflux RND transporter periplasmic adaptor subunit VmeC	NBR006398	vmeC	NA	145
multidrug	vmeD	multidrug efflux RND transporter permease subunit VmeD	NBR006399	vmeD	NA	348
multidrug	vmeE	multidrug efflux RND transporter periplasmic adaptor subunit VmeE	NBR006403	vmeE	NA	222
multidrug	vmeF	multidrug efflux RND transporter permease subunit VmeF	NBR006404	vmeF	NA	645
multidrug	vmeJ	multidrug efflux RND transporter periplasmic adaptor subunit VmeJ	NBR006409	vmeJ	NA	405
multidrug	vmeK	multidrug efflux RND transporter permease subunit VmeK	NBR006410	vmeK	NA	828
multidrug	vmeY	multidrug efflux RND transporter periplasmic adaptor subunit VmeY	NBR006405	vmeY	NA	373
multidrug	vmeZ	multidrug efflux RND transporter permease subunit VmeZ	NBR006406	vmeZ	NA	693
multidrug	vpoC	efflux RND transporter outer membrane protein VpoC	NBR008229	vpoC	NA	37
multidrug	ykkC	multidrug efflux SMR transporter subunit YkkC	NBR006377	ykkC	NA	54
multidrug	ykkD	multidrug efflux SMR transporter subunit YkkD	NBR006378	ykkD	NA	41
mupirocin	mupA	mupirocin-resistant isoleucine--tRNA ligase MupA	NF000257.1	mupA	NA	45
mupirocin	mupB	mupirocin-resistant isoleucine--tRNA ligase MupB	NF000258.1	mupB	NA	1
nitroimidazole	nim*	NimABCDEF family 5-nitroimidazole reductase	NF000261.1	nim	NA	21
nitroimidazole	nim*	NimIJ family nitroimidazole resistance protein	NF000262.1	NA	NA	22
phenicol	catA	type A chloramphenicol O-acetyltransferase	NF000491.1	catA	NA	4741
phenicol	catA	type A-4 chloramphenicol O-acetyltransferase	NBR017868	catA4	NA	43
phenicol	catB	type B chloramphenicol O-acetyltransferase	NF000490.1	catB	NA	2509
phenicol	catC	type C chloramphenicol O-acetyltransferase	NBR014235	catC	NA	480
phenicol	cfr(A)	23S rRNA (adenine(2503)-C(8))-methyltransferase Cfr	NBR012187	cfr	NA	60
phenicol	cfr(A)	23S rRNA (adenine(2503)-C(8))-methyltransferase Cfr	NF011024.0	cfr	PRK14453	8
phenicol	cfr(B)	23S rRNA (adenine(2503)-C(8))-methyltransferase Cfr(B)	NBR012188	cfr(B)	NA	6
phenicol	cfr(C)	23S rRNA (adenine(2503)-C(8))-methyltransferase Cfr(C)	NBR012189	cfr(C)	NA	17
phenicol	cfr(D)	23S rRNA (adenine(2503)-C(8))-methyltransferase Cfr(D)	NBR012190	cfr(D)	NA	5
phenicol	cfr(E)	23S rRNA (adenine(2503)-C(8))-methyltransferase Cfr(E)	NBR012191	cfr(E)	NA	1
phenicol	cfr(F)	23S rRNA (adenine(2503)-C(8))-methyltransferase Cfr(F)	NBR017593	cfr(F)	NA	3
phenicol	cfr*	Cfr family 23S rRNA (adenine(2503)-C(8))-methyltransferase	NF000424.4	NA	NA	749
phenicol	cml*	CmlA/FloR family chloramphenicol efflux MFS transporter	NF033134.0	cml	NA	1906
phenicol	cmlA	CmlA family chloramphenicol efflux MFS transporter	NF000509.1	NA	NA	167
phenicol	cmlV	chloramphenicol efflux MFS transporter CmlV	NF012199.0	cmlV	NA	8
phenicol	cmx	chloramphenicol efflux MFS transporter Cmx	NF000510.1	cmx	NA	70
phenicol	cpt	chloramphenicol phosphotransferase CPT	NF033114.1	cpt	NA	5018
phenicol	cxpE	chloramphenicol efflux transporter CxpE	NF045801.1	cxpE	NA	792
phenicol	estDL	chloramphenicol hydrolase	NF033149.0	estDL136	NA	64
phenicol	fexA	chloramphenicol/florfenicol efflux MFS transporter FexA	NF000218.1	fexA	NA	178
phenicol	fexB	chloramphenicol/florfenicol efflux MFS transporter FexB	NF040856.1	fexB	NA	42
phenicol	floR	chloramphenicol/florfenicol efflux MFS transporter FloR	NF000219.1	floR	NA	623
phenicol	optrA	ABC-F type ribosomal protection protein OptrA	NF000514.1	optrA	NA	279
phenicol	poxtA	ABC-F type ribosomal protection protein PoxtA	NBR007205	poxtA	NA	34
phenicol	poxtA	ABC-F type ribosomal protection protein PoxtA-Ef	NBR015240	poxtA-Ef	NA	2
pleuromutilin	eat(A)	ABC-F type ribosomal protection-like protein Eat(A)	NBR011669	eat(A)	NA	231
pleuromutilin	taeA	ABC-F type ribosomal protection protein TaeA	NBR011675	taeA	NA	44
pleuromutilin	tva(A)	ABC-F type ribosomal protection protein Tva(A)	NBR010250	tva(A)	NA	17
pleuromutilin	tva(B)	ABC-F type ribosomal protection protein Tva(B)	NBR010251	tva(B)	NA	17
quinolone	abaQ	multidrug efflux MFS transporter AbaQ	NBR006903	abaQ	NA	327
quinolone	mfpA	pentapeptide repeat protein MfpA	NF000349.1	mfpA	NA	38
quinolone	qepA	fluoroquinolone efflux MFS transporter QepA	NF012169.0	qepA	NA	19
quinolone	qnr*	Qnr family pentapeptide repeat protein	NF033086.2	NA	NA	2682
quinolone	qnr*	SmQnr family pentapeptide repeat protein	NF038182.1	smqnr	NA	303
quinolone	qnrA	QnrA family quinolone resistance pentapeptide repeat protein	NF000071.4	NA	NA	45
quinolone	qnrAS	QnrAS family quinolone resistance pentapeptide repeat protein	NF012151.0	NA	NA	3
quinolone	qnrB	QnrB family quinolone resistance pentapeptide repeat protein	NF000420.1	NA	NA	128
quinolone	qnrC	QnrC family quinolone resistance pentapeptide repeat protein	NF012152.0	NA	NA	16
quinolone	qnrD	QnrD family quinolone resistance pentapeptide repeat protein	NF000139.2	NA	NA	31
quinolone	qnrE	QnrE family quinolone resistance pentapeptide repeat protein	NF033375.2	NA	NA	51
quinolone	qnrS	QnrS family quinolone resistance pentapeptide repeat protein	NF000056.3	NA	NA	177
quinolone	qnrVC	QnrVC family quinolone resistance pentapeptide repeat protein	NF000421.1	NA	NA	42
rifamycin	arr	NAD(+)--rifampin ADP-ribosyltransferase	NF000066.1	arr	NA	18
rifamycin	arr	NAD(+)--rifampin ADP-ribosyltransferase	NF000318.1	arr	NA	276
rifamycin	arr	NAD(+)--rifampin ADP-ribosyltransferase	NF033144.1	arr	NA	8099
rifamycin	helR	RNA polymerase recycling motor ATPase HelR	NF041254.1	helR	NA	11338
rifamycin	helR	RNA polymerase recycling motor ATPase HelR	NF041258.1	helR	NA	2116
rifamycin	iri	rifampin monooxygenase Iri	NF000343.1	iri	NA	131
rifamycin	rgt	rifamycin-inactivating glycosyltransferase Rgt	NF000354.1	rgt	NA	2
rifamycin	rox	rifampin monooxygenase	NF033145.1	rox	NA	10156
rifamycin	rph*	rifamycin-inactivating phosphotransferase	NF041857.1	rph	NA	7172
rifamycin	rphA	rifamycin-inactivating phosphotransferase Rph	NF000283.1	rph	NA	22
streptothricin	sat2	streptothricin N-acetyltransferase Sat2	NF000358.1	sat2	NA	32
streptothricin	sat4	streptothricin N-acetyltransferase Sat4	NF000360.1	sat4	NA	110
streptothricin	satA	streptothricin N-acetyltransferase SatA	NBR008001	satA	NA	518
streptothricin	satA	streptothricin N-acetyltransferase SatA	NBR008002	satA	NA	406
streptothricin	sta	streptothricin N-acetyltransferase STAT	NF000487.1	sta	NA	1
sulfonamide	mtrF	AbgT family antimetabolite efflux transporter MtrF	NBR006674	mtrF	NA	182
sulfonamide	sul1	sulfonamide-resistant dihydropteroate synthase Sul1	NF000294.1	sul1	NA	595
sulfonamide	sul2	sulfonamide-resistant dihydropteroate synthase Sul2	NF000295.1	sul2	NA	317
sulfonamide	sul3	sulfonamide-resistant dihydropteroate synthase Sul3	NF000296.1	sul3	NA	91
sulfonamide	sul4	sulfonamide-resistant dihydropteroate synthase Sul4	NF033502.0	sul4	NA	6
tetracenomycin	tcmA	tetracenomycin C efflux MFS transporter	NF000025.1	tcmA	NA	12
tetracycline	otr(A)	tetracycline resistance ribosomal protection protein Otr(A)	NF000120.3	otr(A)	NA	1825
tetracycline	otr(B)	oxytetracycline resistance efflux MFS transporter OtrB	NF000095.1	otr(B)	NA	45
tetracycline	tcrC	tetracycline efflux MFS transporter Tcr3	NF000009.1	tcr3	NA	25
tetracycline	tet(30)	tetracycline efflux MFS transporter Tet(30)	NF045486.1	tet(30)	NA	56
tetracycline	tet(31)	tetracycline efflux MFS transporter Tet(31)	NBR016391	tet(31)	NA	3
tetracycline	tet(32)	tetracycline resistance ribosomal protection mosaic protein Tet(O/32/O)	NBR013858	tet(O/32/O)	NA	7
tetracycline	tet(32)	tetracycline resistance ribosomal protection protein Tet(32)	NBR008284	tet(32)	NA	47
tetracycline	tet(33)	tetracycline efflux MFS transporter Tet(33)	NBR013514	tet(33)	NA	22
tetracycline	tet(35)	tetracycline efflux Na+/H+ antiporter family transporter Tet(35)	NF000013.1	tet(35)	NA	382
tetracycline	tet(36)	tetracycline resistance ribosomal protection protein Tet(36)	NBR008288	tet(36)	NA	10
tetracycline	tet(38)	tetracycline efflux MFS transporter Tet(38)	NF012176.0	tet(38)	NA	293
tetracycline	tet(39)	tetracycline efflux MFS transporter Tet(39)	NBR016392	tet(39)	NA	35
tetracycline	tet(40)	tetracycline efflux MFS transporter Tet(40)	NF000049.1	tet(40)	NA	136
tetracycline	tet(41)	tetracycline efflux MFS transporter Tet(41)	NBR016393	tet(41)	NA	238
tetracycline	tet(42)	tetracycline efflux MFS transporter Tet(42)	NF012177.1	tet(42)	NA	60
tetracycline	tet(44)	tetracycline resistance ribosomal protection protein Tet(44)	NBR008285	tet(44)	NA	38
tetracycline	tet(59)	tetracycline efflux MFS transporter Tet(59)	NBR016395	tet(59)	NA	23
tetracycline	tet(62)	tetracycline efflux MFS transporter Tet(62)	NF045488.1	tet(62)	NA	4
tetracycline	tet(64)	tetracycline efflux MFS transporter Tet(64)	NBR013507	tet(64)	NA	144
tetracycline	tet(65)	tetracycline efflux MFS transporter Tet(65)	NF045684.1	tet(65)	NA	11
tetracycline	tet(A)	tetracycline efflux MFS transporter Tet(A)	NF012193.0	tet(A)	NA	531
tetracycline	tet(B)	tetracycline efflux MFS transporter Tet(B)	NF012190.1	tet(B)	NA	225
tetracycline	tet(C)	tetracycline efflux MFS transporter Tet(C)	NF012191.0	tet(C)	NA	44
tetracycline	tet(D)	tetracycline efflux MFS transporter Tet(D)	NF012186.0	tet(D)	NA	116
tetracycline	tet(E)	tetracycline efflux MFS transporter Tet(E)	NF012187.0	tet(E)	NA	19
tetracycline	tet(G)	tetracycline efflux MFS transporter Tet(G)	NF012192.0	tet(G)	NA	74
tetracycline	tet(H)	tetracycline efflux MFS transporter Tet(H)	NF012195.0	tet(H)	NA	73
tetracycline	tet(J)	tetracycline efflux MFS transporter Tet(J)	NF012194.0	tet(J)	NA	86
tetracycline	tet(K)	tetracycline efflux MFS transporter Tet(K)	NF012183.0	tet(K)	NA	121
tetracycline	tet(L)	tetracycline efflux MFS transporter Tet(L)	NF012185.0	tet(L)	NA	381
tetracycline	tet(M)	tetracycline resistance ribosomal protection protein Tet(M)	NF012155.1	tet(M)	NA	1154
tetracycline	tet(O)	tetracycline resistance ribosomal protection protein Tet(O)	NBR008283	tet(O)	NA	793
tetracycline	tet(Q)	tetracycline resistance ribosomal protection protein Tet(Q)	NF012154.0	tet(Q)	NA	323
tetracycline	tet(S)	tetracycline resistance ribosomal protection protein Tet(S)	NBR008286	tet(S)	NA	28
tetracycline	tet(T)	tetracycline resistance ribosomal protection protein Tet(T)	NBR008289	tet(T)	NA	7
tetracycline	tet(V)	tetracycline efflux MFS transporter Tet(V)	NF012178.0	tet(V)	NA	385
tetracycline	tet(W)	tetracycline resistance ribosomal protection mosaic protein Tet(O/W)	NBR013895	tet(O/W)	NA	2
tetracycline	tet(W)	tetracycline resistance ribosomal protection mosaic protein Tet(O/W/32/O)	NBR013892	tet(O/W/32/O)	NA	48
tetracycline	tet(W)	tetracycline resistance ribosomal protection protein Tet(W)	NBR008287	tet(W)	NA	578
tetracycline	tet(W)	tetracycline resistance ribosomal protection protein Tet(W/N/W)	NBR013897	tet(W/N/W)	NA	11
tetracycline	tet(X)	tetracycline-inactivating monooxygenase Tet(X)	NF033111.2	tet(X)	NA	169
tetracycline	tet(X)	tetracycline-inactivating monooxygenase Tet(X1)	NBR016672	tet(X1)	NA	2
tetracycline	tet(Y)	tetracycline efflux MFS transporter Tet(Y)	NF012188.1	tet(Y)	NA	11
tetracycline	tet(Z)	tetracycline efflux MFS transporter Tet(Z)	NBR013513	tet(Z)	NA	11
tetracycline	tet*	Tet(A)/Tet(B)/Tet(C) family tetracycline efflux MFS transporter	NF012174.0	tet	NA	1278
tetracycline	tet*	Tet(H)/Tet(J) family tetracycline efflux MFS transporter	NF012207.0	tet(H-J)	NA	22
tetracycline	tet*	Tet(L)/Tet(K)/Tet(45) family tetracycline efflux MFS transporter	NF012175.1	tet	NA	585
tetracycline	tet*	TetM/TetW/TetO/TetS family tetracycline resistance ribosomal protection protein	NF033148.1	tet	NA	131
tetracycline	tet*	tetracycline destructase	NF033476.1	NA	NA	33
tetracycline	tet*	tetracycline resistance ribosomal protection protein	NF012153.1	tet	NA	370
tetracycline	tetA	tetracycline efflux ABC transporter TetAB subunit A	NF000506.1	tetA	NA	71
tetracycline	tetA(46)	tetracycline efflux ABC transporter Tet(46) subunit A	NF000474.1	tetA(46)	NA	144
tetracycline	tetA(58)	tetracycline efflux ABC transporter Tet(58) subunit A	NBR016196	tetA(58)	NA	39
tetracycline	tetA(60)	tetracycline efflux ABC transporter Tet(60) subunit A	NBR016124	tetA(60)	NA	20
tetracycline	tetA(P)	tetracycline efflux MFS transporter TetA(P)	NF000043.1	tetA(P)	NA	120
tetracycline	tetB(46)	tetracycline efflux ABC transporter Tet(46) subunit B	NF000475.1	tetB(46)	NA	160
tetracycline	tetB(58)	tetracycline efflux ABC transporter Tet(58) subunit B	NBR016197	tetB(58)	NA	37
tetracycline	tetB(60)	tetracycline efflux ABC transporter Tet(60) subunit B	NBR016125	tetB(60)	NA	16
tetracycline	tetB(P)	tetracycline resistance ribosomal protection protein TetB(P)	NBR008290	tetB(P)	NA	36
thiostrepton	nshR	NshR family nosiheptide/thiostrepton resistance 23S rRNA methyltransferase	NF000035.1	NA	NA	14
thiostrepton	nshR	NshR/TsnR family 23S rRNA methyltransferase	NF000477.1	nshR	NA	297
trimethoprim	dfr*	DfrD/DfrG/DfrK family trimethoprim-resistant dihydrofolate reductase	NF000332.1	dfr	NA	95
trimethoprim	dfrA	DfrA12/DfrA21 family trimethoprim-resistant dihydrofolate reductase	NF000055.3	dfrA	NA	2
trimethoprim	dfrA	trimethoprim-resistant dihydrofolate reductase DfrA	NF000330.1	dfrA	NA	93
trimethoprim	dfrA	trimethoprim-resistant dihydrofolate reductase DfrA1	NBR013838	dfrA1	NA	58
trimethoprim	dfrA	trimethoprim-resistant dihydrofolate reductase DfrA10	NF000018.2	dfrA10	NA	1
trimethoprim	dfrA	trimethoprim-resistant dihydrofolate reductase DfrA12	NF000053.2	dfrA12	NA	60
trimethoprim	dfrA	trimethoprim-resistant dihydrofolate reductase DfrA14	NBR013841	dfrA14	NA	58
trimethoprim	dfrA	trimethoprim-resistant dihydrofolate reductase DfrA15	NBR013842	dfrA15	NA	15
trimethoprim	dfrA	trimethoprim-resistant dihydrofolate reductase DfrA16	NBR013843	dfrA16	NA	9
trimethoprim	dfrA	trimethoprim-resistant dihydrofolate reductase DfrA17	NBR013837	dfrA17	NA	37
trimethoprim	dfrA	trimethoprim-resistant dihydrofolate reductase DfrA18	NF000039.1	dfrA18	NA	1
trimethoprim	dfrA	trimethoprim-resistant dihydrofolate reductase DfrA19	NF000041.1	dfrA19	NA	12
trimethoprim	dfrA	trimethoprim-resistant dihydrofolate reductase DfrA20	NF000127.2	dfrA20	NA	3
trimethoprim	dfrA	trimethoprim-resistant dihydrofolate reductase DfrA21	NBR013854	dfrA21	NA	4
trimethoprim	dfrA	trimethoprim-resistant dihydrofolate reductase DfrA23	NF000134.2	dfrA23	NA	3
trimethoprim	dfrA	trimethoprim-resistant dihydrofolate reductase DfrA24	NF000146.2	dfrA24	NA	2
trimethoprim	dfrA	trimethoprim-resistant dihydrofolate reductase DfrA25	NBR013844	dfrA25	NA	2
trimethoprim	dfrA	trimethoprim-resistant dihydrofolate reductase DfrA26	NF000006.2	dfrA26	NA	1
trimethoprim	dfrA	trimethoprim-resistant dihydrofolate reductase DfrA27	NBR013834	dfrA27	NA	9
trimethoprim	dfrA	trimethoprim-resistant dihydrofolate reductase DfrA3	NF000019.2	dfrA3	NA	1
trimethoprim	dfrA	trimethoprim-resistant dihydrofolate reductase DfrA30	NBR013849	dfrA30	NA	4
trimethoprim	dfrA	trimethoprim-resistant dihydrofolate reductase DfrA31	NBR013847	dfrA31	NA	10
trimethoprim	dfrA	trimethoprim-resistant dihydrofolate reductase DfrA32	NBR013835	dfrA32	NA	3
trimethoprim	dfrA	trimethoprim-resistant dihydrofolate reductase DfrA36	NF033868.0	dfrA36	NA	4
trimethoprim	dfrA	trimethoprim-resistant dihydrofolate reductase DfrA4	NBR013896	dfrA4	NA	4
trimethoprim	dfrA	trimethoprim-resistant dihydrofolate reductase DfrA40	NBR016117	dfrA40	NA	22
trimethoprim	dfrA	trimethoprim-resistant dihydrofolate reductase DfrA41	NBR016110	dfrA41	NA	2
trimethoprim	dfrA	trimethoprim-resistant dihydrofolate reductase DfrA44	NBR016118	dfrA44	NA	17
trimethoprim	dfrA	trimethoprim-resistant dihydrofolate reductase DfrA45	NBR016113	dfrA45	NA	2
trimethoprim	dfrA	trimethoprim-resistant dihydrofolate reductase DfrA46	NBR013845	dfrA46	NA	5
trimethoprim	dfrA	trimethoprim-resistant dihydrofolate reductase DfrA5	NBR013851	dfrA5	NA	5
trimethoprim	dfrA	trimethoprim-resistant dihydrofolate reductase DfrA50	NF047323.1	dfrA50	NA	120
trimethoprim	dfrA	trimethoprim-resistant dihydrofolate reductase DfrA51	NF047324.1	dfrA51	NA	265
trimethoprim	dfrA	trimethoprim-resistant dihydrofolate reductase DfrA6	NBR013846	dfrA6	NA	7
trimethoprim	dfrA	trimethoprim-resistant dihydrofolate reductase DfrA7	NBR013840	dfrA7	NA	6
trimethoprim	dfrA	trimethoprim-resistant dihydrofolate reductase DfrA8	NF000126.2	dfrA8	NA	1
trimethoprim	dfrA	trimethoprim-resistant dihydrofolate reductase DfrA9	NF000109.2	dfrA9	NA	1
trimethoprim	dfrB	trimethoprim-resistant dihydrofolate reductase DfrB	NF000331.2	dfrB	NA	37
trimethoprim	dfrE	trimethoprim-resistant dihydrofolate reductase DfrE	NF040541.1	dfrE	NA	2
trimethoprim	dfrF	trimethoprim-resistant dihydrofolate reductase DfrF	NF000333.1	dfrF	NA	5
trimethoprim	dfrG	trimethoprim-resistant dihydrofolate reductase DfrG	NF000143.1	dfrG	NA	44
trimethoprim	dfrI	trimethoprim-resistant dihydrofolate reductase DfrI	NF000012.1	dfrI	NA	5
tuberactinomycin	cpaA	capreomycin N-acetyltransferase CpaA	NBR008122	cpaA	NA	24
tuberactinomycin	cph	capreomycin phosphotransferase	NF041268.1	cph	NA	7
tuberactinomycin	vph	viomycin phosphotransferase	NF000088.1	vph	NA	657
tunicamycin	tmrB	tunicamycin resistance ATP-binding TmrB	NBR010161	tmrB	NA	389
tunicamycin	tmrD	putative tunicamycin resistance ATP-binding protein TmrD	NBR013264	tmrD	NA	4
